Group,HCT116,RH4
Prom1,0.9036,-0.3550
Prom1,-0.5522,-0.5179
Prom1,-1.2714,0.4874
Prom1,0.1264,-0.7303
Prom1,-0.6921,-0.7937
Prom1,-1.0408,-0.7596
Prom1,-0.3883,-0.8576
Prom1,-0.9351,-0.3959
Prom1,-0.8005,-0.4957
Prom1,0.5586,-0.8448
Prom1,-0.8076,-0.7687
Prom1,-0.7204,-0.5979
Prom1,-0.4226,0.5659
Prom1,-0.5176,-0.7952
Prom1,-0.5014,-0.9580
Prom1,0.1473,-0.5199
Prom1,0.1317,-0.3744
Prom1,-0.5059,-0.4167
Prom1,-0.5443,-0.2882
Prom1,-0.5968,-0.7136
Prom1,-0.1749,-0.7728
Prom1,0.7934,0.0455
Prom1,-0.3744,-0.9024
Prom1,-0.8941,-0.4343
Prom1,-0.111,-0.5892
Prom1,-0.5285,0.9253
Prom1,-0.4689,-0.9528
Prom1,-0.5581,-1.1596
Prom1,-0.5037,-0.8122
Prom1,-0.5947,-0.4469
Prom1,-0.4174,-0.8551
Prom1,0.3428,-0.1681
Prom1,-0.6639,-0.4686
Prom1,-0.4101,-1.0614
Prom1,-0.3927,-0.9783
Prom1,-0.2756,1.7459
Prom1,-0.5213,-0.7263
Prom1,-0.4013,-0.6108
Prom1,-0.3835,-0.4112
Prom1,-1.1315,-0.9873
Prom1,-0.2537,0.1740
Prom1,0.0818,-0.7757
Prom1,-0.8452,-0.6058
Prom1,-0.8573,-0.5124
Prom1,-0.6358,-0.3730
Prom1,-0.9764,-0.7739
Prom1,-0.7911,-0.0555
Prom1,-0.0517,-0.5820
Prom1,-0.3703,-0.7483
Prom1,0.181,0.5970
Prom1,-0.6407,-0.6882
Prom1,1.2668,2.2208
Prom1,-0.072,-0.2511
Prom1,-0.501,-0.3363
Prom1,-0.6189,-0.5201
Prom1,-0.6134,-0.6735
Prom1,3.5968,3.0864
Prom1,-0.6912,-0.5423
Prom1,-0.7329,-0.8770
Prom1,0.4399,0.0838
Prom1,-0.6615,-0.9688
Prom1,0.3919,-0.4194
Prom1,0.1939,0.0982
Prom1,-0.7242,-0.4869
Prom1,-0.5858,-0.6696
Prom1,-0.3978,-0.1191
Prom1,-0.6141,-0.8820
Prom1,-0.3896,-0.1955
Prom1,-0.3966,-0.4332
Prom1,-0.7921,0.1749
Prom1,-0.7034,-0.9323
Prom1,-0.6041,-0.0151
Prom1,-0.3485,-0.3804
Prom1,-0.7462,-0.8871
Prom1,-0.5678,-0.8224
Prom1,-0.07,-0.5255
Prom1,-0.7882,-0.3527
Prom1,-0.7519,-0.4528
Prom1,-0.5589,-0.3400
Prom1,-0.9091,-0.0783
Prom1,-0.1223,-0.0913
Prom1,-0.6626,-0.5331
Prom1,-1.0217,-0.9709
Prom1,-0.5459,-0.8589
Prom1,-0.4125,-0.8813
Prom1,-0.7732,-0.7658
Prom1,-0.7361,-0.4022
Prom1,-0.8427,-0.7539
Prom1,-0.8766,-0.6173
Prom1,0.5639,0.6587
Prom1,-0.3315,0.1462
Prom1,-0.858,-0.8390
Prom1,-0.4946,-0.7000
Prom1,-0.1977,-0.0953
Prom1,-0.7808,-0.4674
Prom1,-0.8736,-0.8355
Prom1,-0.4996,-0.9716
Prom1,-0.8829,-0.6204
Prom1,0.3526,1.6130
Prom1,-0.4049,-0.8044
Prom1,-1.0003,-0.6388
Prom1,-0.8986,-0.8152
Prom1,-0.1316,-0.6048
Prom1,-0.7122,-0.6517
Prom1,-0.7871,-0.8892
Prom1,-0.0449,0.8047
Prom1,-1.0762,-0.6466
Prom1,-0.2581,-0.3491
Prom1,-0.5594,-0.8517
Prom1,-0.7708,-0.7710
Prom1,-0.7663,-0.4958
Prom1,-0.9148,-0.8968
Prom1,-0.5189,-0.8496
Prom1,0.0237,-0.2143
Prom1,-0.4871,-0.5829
Prom1,2.1424,2.3358
Prom1,-0.57,-0.8439
Prom1,-0.6263,-0.3799
Prom1,-1.0969,-0.1974
Prom1,-0.3145,-0.2689
Prom1,0.1344,-0.9631
Prom1,-0.8368,-0.6477
Prom1,-0.5379,-0.4777
Prom1,-0.5607,-0.9206
Prom1,-0.393,-0.5124
Prom1,-0.4689,-0.8271
Prom1,-0.6477,0.0350
Prom1,-0.6098,1.5300
Prom1,-0.7254,-0.8476
Prom1,-0.1538,-0.8685
Prom1,-0.8291,-0.6125
Prom1,0.9425,-0.6483
Prom1,-0.9021,-0.6881
Prom1,-0.8592,-0.5137
Prom1,-0.7377,-0.5169
Prom1,-0.9518,-0.7916
Prom1,-0.3016,0.1027
Prom1,-0.9682,-0.7953
Prom1,-0.521,-0.5289
Prom1,-0.716,-0.3750
Prom1,-1.1548,0.4924
Prom1,-0.3002,-0.2084
Prom1,-0.5054,-1.0986
Prom1,-0.5659,-0.5094
Prom1,-0.8298,-0.9104
Prom1,-0.6584,-0.6482
Prom1,-0.7757,-0.9386
Prom1,-0.3072,-0.9043
Prom1,-0.917,-1.0493
Prom1,-0.9221,-0.8133
Prom1,-0.4379,-0.4605
Prom1,-0.7737,-0.0194
Prom1,-0.4734,-0.8377
Prom1,1.3644,-0.1155
Prom1,-0.6133,-0.8874
Prom1,-0.7648,-0.8587
Prom1,-0.0012,-1.0870
Prom1,-0.2891,-0.9608
Prom1,-0.2182,0.7007
Prom1,0.4561,0.3268
Prom1,-0.5674,-0.8182
Prom1,-0.7131,-0.5189
Prom1,-1.0706,1.0370
Prom1,0.5152,1.1864
Prom1,1.95,-0.6696
Prom1,-0.6781,-1.1507
Prom1,2.6009,0.0023
Prom1,-0.5096,0.5148
Prom1,-0.835,-0.9235
Prom1,-0.5987,-1.0464
Prom1,-0.8895,0.0445
Prom1,0.527,1.2593
Prom1,0.1318,0.0339
Prom1,-0.8776,-0.7656
Prom1,0.3281,-0.1307
Prom1,-0.9281,-0.7310
Prom1,-0.1894,-1.1055
Prom1,-0.6751,-0.4924
Prom1,-0.9052,-0.4494
Prom1,-0.9424,-0.6237
Prom1,-0.9061,-0.9232
Prom1,0.5827,1.2333
Prom1,-0.6583,-0.6453
Prom2,0.8548,0.2759
Prom2,-0.5602,-0.5179
Prom2,-0.6357,-0.0039
Prom2,0.4685,0.9129
Prom2,-0.6122,-0.7937
Prom2,-0.9618,-0.7434
Prom2,-0.3877,-0.8576
Prom2,-0.8349,-0.3699
Prom2,-0.7914,-0.4957
Prom2,0.4018,-0.7029
Prom2,-0.8811,-0.6246
Prom2,-0.7462,-0.7021
Prom2,-0.561,-0.5248
Prom2,-0.5075,-0.7625
Prom2,-0.4958,-0.9580
Prom2,-0.0544,-0.5076
Prom2,-0.2421,-0.3023
Prom2,-0.486,-0.4167
Prom2,-0.5396,-0.2952
Prom2,-0.6227,-0.7136
Prom2,-0.103,-0.6376
Prom2,0.2559,0.0455
Prom2,-0.437,-0.9024
Prom2,-0.8941,-0.4343
Prom2,-0.7437,-0.5892
Prom2,-1.0834,2.1210
Prom2,-0.4799,-0.5709
Prom2,-0.5464,-1.1596
Prom2,-0.5007,-0.8326
Prom2,-0.5237,-0.4743
Prom2,-0.3542,-0.0744
Prom2,-0.131,0.0041
Prom2,-0.655,-0.4506
Prom2,-0.3381,-0.4825
Prom2,-0.5721,-0.9783
Prom2,-0.1741,2.1798
Prom2,-0.526,-0.7263
Prom2,-0.4131,-0.6108
Prom2,-0.2889,-0.3036
Prom2,-0.9277,-0.9873
Prom2,-0.2537,0.7943
Prom2,-0.4149,-0.8667
Prom2,1.1269,0.9208
Prom2,-0.9045,-0.8772
Prom2,-0.5898,-0.3730
Prom2,-1.0278,-0.5943
Prom2,-0.489,-0.3286
Prom2,-0.1109,-0.3598
Prom2,-0.3583,-0.7075
Prom2,0.521,0.4168
Prom2,-0.6691,-0.7265
Prom2,0.2772,0.7164
Prom2,-0.2155,-0.4858
Prom2,-0.5358,-0.4433
Prom2,-0.6452,-0.5410
Prom2,-0.6341,-0.6735
Prom2,2.127,2.8248
Prom2,-0.6912,-0.5423
Prom2,0.2987,-0.5017
Prom2,0.2615,0.9641
Prom2,-0.6615,-0.9185
Prom2,-0.2665,-0.4401
Prom2,0.0112,-0.1469
Prom2,-0.7195,-0.4869
Prom2,-0.6291,-0.6543
Prom2,-0.2586,-1.5081
Prom2,-0.5879,-0.7929
Prom2,-0.4877,-0.4754
Prom2,0.1239,2.0480
Prom2,-0.7921,0.6995
Prom2,-0.0753,-0.9323
Prom2,-0.5798,-0.2696
Prom2,-0.2469,-0.3804
Prom2,-0.7767,-0.6875
Prom2,-0.4676,-1.6075
Prom2,-0.1454,-1.0160
Prom2,-0.8868,-0.5379
Prom2,-0.6879,-0.4528
Prom2,-0.7937,-0.6255
Prom2,-0.9091,-1.1745
Prom2,-0.483,-0.3651
Prom2,-0.6391,-0.6296
Prom2,-0.9643,-0.8909
Prom2,-0.4958,-0.7134
Prom2,-0.4151,-0.8813
Prom2,-0.8438,-0.7658
Prom2,-0.7959,-0.4056
Prom2,-0.966,-0.5256
Prom2,-0.9858,-0.6328
Prom2,-0.3782,-0.2691
Prom2,-0.445,-0.4933
Prom2,-0.9477,-0.8615
Prom2,-0.4791,-0.7306
Prom2,0.3491,0.8829
Prom2,-0.8148,-0.5077
Prom2,-0.8736,-0.8742
Prom2,-0.4996,-0.9716
Prom2,0.0808,1.2126
Prom2,-0.4267,1.6130
Prom2,-0.2344,-0.8044
Prom2,-0.3636,-0.6879
Prom2,-0.8986,-0.7674
Prom2,0.7895,-0.6048
Prom2,-0.6931,-0.6418
Prom2,-0.801,-0.9279
Prom2,0.7523,1.0106
Prom2,-0.995,-0.7149
Prom2,0.9464,-1.1637
Prom2,-0.525,-0.5887
Prom2,-0.8027,-0.5551
Prom2,-0.7,-0.5911
Prom2,-0.8457,-0.6440
Prom2,-0.3821,-0.8496
Prom2,-0.0617,-0.4512
Prom2,-0.4719,-0.6503
Prom2,-0.6695,-0.4333
Prom2,-0.5121,-0.8439
Prom2,-0.6306,-0.3799
Prom2,-1.0029,-0.7045
Prom2,-0.3145,-0.2689
Prom2,0.2395,-0.8538
Prom2,-0.8368,-0.6477
Prom2,-0.5379,-0.3927
Prom2,-0.5607,-0.8199
Prom2,-0.393,-0.5124
Prom2,-0.4689,-0.8271
Prom2,2.5529,0.0350
Prom2,-0.6098,1.5300
Prom2,-0.7916,-0.9655
Prom2,-0.1538,0.3209
Prom2,-0.841,-0.6125
Prom2,0.7292,-0.6933
Prom2,-0.7926,-0.9714
Prom2,-0.7926,-0.5000
Prom2,-0.7561,-0.4365
Prom2,-0.7321,0.1583
Prom2,-0.0705,-0.0995
Prom2,-1.0604,-0.8561
Prom2,-0.5069,-0.6627
Prom2,-0.716,-0.3750
Prom2,-1.1548,0.4924
Prom2,-0.3002,0.1283
Prom2,-0.4307,-1.0119
Prom2,-0.5476,-0.5094
Prom2,-0.8298,-0.9104
Prom2,-0.6472,-0.6638
Prom2,-0.9228,-0.7770
Prom2,-0.5006,-0.7875
Prom2,-1.1577,-1.0493
Prom2,-0.9221,-0.8133
Prom2,-0.3953,-0.9786
Prom2,-0.7537,-0.0194
Prom2,-0.4734,-0.8377
Prom2,0.6656,-0.1155
Prom2,-0.6054,-0.9456
Prom2,-0.8169,-0.8376
Prom2,-0.4813,-1.0870
Prom2,0.3091,-0.9608
Prom2,-0.2182,-0.7707
Prom2,-0.7412,1.4707
Prom2,-0.5674,-0.7354
Prom2,-0.2593,1.2973
Prom2,-0.1712,-0.8567
Prom2,0.7206,1.4362
Prom2,-0.7206,-0.6696
Prom2,-0.6781,-0.3269
Prom2,0.2767,-0.6139
Prom2,-0.5096,-0.8365
Prom2,-0.9055,-0.9235
Prom2,-0.5368,-0.8485
Prom2,1.186,-0.8890
Prom2,-0.8563,-1.1448
Prom2,0.4229,0.0473
Prom2,-0.8776,-0.7656
Prom2,0.527,0.8808
Prom2,-0.8742,-0.7310
Prom2,0.2151,-1.1055
Prom2,-0.6777,-0.5030
Prom2,0.1978,-0.8054
Prom2,-0.9424,-0.6237
Prom2,-0.8291,-0.8265
Prom2,0.3663,2.3199
Prom2,-0.574,-0.6133
Prom3,-0.1208,0.8707
Prom3,-0.5442,-0.6444
Prom3,-0.6357,-0.4952
Prom3,-0.7294,-0.1826
Prom3,-0.6522,-0.7937
Prom3,-0.9816,-0.7596
Prom3,-0.3883,-0.8576
Prom3,-0.8349,-0.3569
Prom3,-0.8097,-0.4957
Prom3,-0.2412,-0.7029
Prom3,-1.0279,-1.0570
Prom3,-0.6946,-0.6500
Prom3,-0.3199,-0.8632
Prom3,-0.5058,-0.5665
Prom3,-0.4848,-0.9580
Prom3,-0.3234,-0.5076
Prom3,-0.2671,-0.2302
Prom3,-0.4661,-0.4167
Prom3,-0.5428,-0.2917
Prom3,-0.6616,-0.8016
Prom3,-0.1379,-0.7728
Prom3,1.8683,0.0455
Prom3,-0.4997,-0.8343
Prom3,-0.8941,-0.4614
Prom3,-0.1444,-0.5892
Prom3,-0.5285,-0.2705
Prom3,-0.5017,-0.8764
Prom3,-0.849,0.0225
Prom3,-0.4957,-0.7917
Prom3,-0.5829,-0.4606
Prom3,-0.3542,-0.0744
Prom3,-0.6044,-0.2543
Prom3,-0.6532,-0.4386
Prom3,-0.3861,0.3860
Prom3,-0.5362,-0.7729
Prom3,-0.4783,0.2273
Prom3,-0.5075,-0.7045
Prom3,-0.3775,-0.8211
Prom3,-0.6205,-0.3574
Prom3,-0.3666,-1.0494
Prom3,-1.2227,1.8972
Prom3,-0.5223,-0.6847
Prom3,-0.8452,0.9208
Prom3,-0.8573,-0.9684
Prom3,-0.6358,-0.3730
Prom3,-0.8222,-0.8637
Prom3,-0.8919,1.1358
Prom3,-0.3279,-0.3598
Prom3,-0.3543,-0.7483
Prom3,1.0001,-0.2268
Prom3,-0.6407,-0.6882
Prom3,0.8012,0.9253
Prom3,-0.5153,-0.5970
Prom3,-0.487,-0.4076
Prom3,-0.6365,-0.5253
Prom3,-0.6341,-0.6735
Prom3,0.453,0.4124
Prom3,-0.4612,-0.5423
Prom3,-0.008,0.4820
Prom3,0.4399,1.4043
Prom3,-0.6615,-0.9185
Prom3,-0.5956,-0.5024
Prom3,-0.4066,-0.3511
Prom3,-0.7102,-0.4869
Prom3,-0.6183,-0.6696
Prom3,-0.3978,-0.9525
Prom3,-0.6664,-0.6594
Prom3,-0.4737,-0.2888
Prom3,1.165,-0.4332
Prom3,-0.7921,-0.8744
Prom3,0.2271,-0.9323
Prom3,-0.5313,-0.3968
Prom3,-0.3349,-0.4192
Prom3,-0.8684,-0.7540
Prom3,-0.5344,-1.6075
Prom3,-0.1705,0.2102
Prom3,-0.8868,-0.6305
Prom3,-0.7427,-0.4528
Prom3,-0.5589,-0.9111
Prom3,-0.9091,-0.6264
Prom3,-0.7083,-0.3651
Prom3,-0.7098,-0.5331
Prom3,-0.9643,-0.8909
Prom3,-0.4582,-0.5680
Prom3,-0.4071,-0.8813
Prom3,-0.9144,-0.7658
Prom3,-0.9156,-0.4056
Prom3,-1.0277,-0.9062
Prom3,-0.9312,-0.6328
Prom3,-0.1397,0.4900
Prom3,-0.4828,-0.4933
Prom3,-0.9298,-0.8615
Prom3,-0.4675,-0.7153
Prom3,0.4003,1.2924
Prom3,-0.7129,-0.5077
Prom3,-0.8535,-0.9129
Prom3,-0.525,-0.8940
Prom3,0.416,1.2126
Prom3,0.3526,-0.2016
Prom3,-0.0882,-0.8044
Prom3,-0.1514,-0.4422
Prom3,-0.8986,-0.7993
Prom3,1.2501,-0.6048
Prom3,-0.6868,-0.6443
Prom3,-0.7732,-0.9279
Prom3,0.6475,0.5989
Prom3,-1.0762,-0.8172
Prom3,0.9464,1.2800
Prom3,-0.5422,-0.5887
Prom3,-0.7708,0.3084
Prom3,-0.7221,-0.5593
Prom3,-0.7766,-0.8968
Prom3,-0.378,-0.8137
Prom3,-0.4174,-0.4512
Prom3,-0.5539,-0.6503
Prom3,-0.6695,0.3579
Prom3,-0.5121,-0.8439
Prom3,-0.6263,-0.3848
Prom3,-1.0029,-0.8238
Prom3,0.4193,-0.2689
Prom3,-0.409,-0.8538
Prom3,-0.8368,-0.6477
Prom3,-0.5379,-0.3927
Prom3,-0.5363,-1.0213
Prom3,-0.5466,-0.5948
Prom3,-0.4711,-0.8271
Prom3,0.9526,2.2421
Prom3,0.3587,-0.6707
Prom3,-0.8579,-0.8476
Prom3,1.6933,-0.4720
Prom3,-0.8291,-0.6091
Prom3,-0.1239,-0.6933
Prom3,-0.7926,-0.9714
Prom3,-0.9258,-0.5274
Prom3,-0.7929,-0.4365
Prom3,0.5858,-0.3166
Prom3,-0.3941,-0.2343
Prom3,-0.9375,-0.9170
Prom3,-0.3525,-0.7296
Prom3,-0.716,-0.3995
Prom3,-1.1548,1.2309
Prom3,1.5008,0.9699
Prom3,-0.3375,-0.7517
Prom3,-0.5108,-0.3879
Prom3,-0.9367,-0.9104
Prom3,-0.6396,-0.6482
Prom3,-0.8492,-0.6962
Prom3,-0.6237,-0.7875
Prom3,-0.1947,-0.6172
Prom3,-0.9221,-0.8133
Prom3,-0.3739,-0.8059
Prom3,-0.8137,-0.2227
Prom3,-0.4734,-0.8377
Prom3,-0.0333,-0.1155
Prom3,-0.5897,-1.0038
Prom3,-0.8638,-0.8376
Prom3,-0.0012,-1.0870
Prom3,0.5972,-0.9608
Prom3,-0.2182,-0.7707
Prom3,-0.7412,-0.2451
Prom3,-0.5753,-0.8182
Prom3,-0.7131,-0.5189
Prom3,0.2784,-0.8567
Prom3,0.6179,1.2697
Prom3,-0.7206,-0.6696
Prom3,-0.6781,-0.8761
Prom3,-0.3044,-0.7864
Prom3,-0.5096,0.5148
Prom3,-0.9055,-0.8705
Prom3,-0.6297,-1.0464
Prom3,0.1482,-0.8890
Prom3,-0.8563,-1.1448
Prom3,0.4714,-0.1540
Prom3,0.54,0.5742
Prom3,-0.1522,0.1583
Prom3,-0.9281,-0.6957
Prom3,0.3499,-0.4485
Prom3,-0.6564,-0.5345
Prom3,1.2358,1.6575
Prom3,-0.8512,-0.6237
Prom3,-0.9061,-0.8265
Prom3,0.0712,1.5955
Prom3,-0.4897,-0.3257
Prom4,-0.2672,0.9649
Prom4,-0.5362,-0.5812
Prom4,0.0001,-0.5771
Prom4,-0.815,3.1038
Prom4,-0.5723,-0.7937
Prom4,-0.6857,-0.7273
Prom4,-0.3883,-0.8576
Prom4,-0.8349,-0.3959
Prom4,-0.8097,-0.4767
Prom4,-0.351,-0.5609
Prom4,-0.8076,-0.9129
Prom4,-0.7462,-0.5979
Prom4,-0.2975,-0.8632
Prom4,-0.457,-0.5991
Prom4,-0.4848,-0.7405
Prom4,-0.3234,-0.5076
Prom4,-0.3169,-0.3744
Prom4,-0.3667,-0.4167
Prom4,-0.5332,-0.2987
Prom4,-0.6292,-0.8016
Prom4,-0.2033,-0.8179
Prom4,-0.2815,0.5227
Prom4,-0.437,-0.9024
Prom4,-0.7932,-0.4886
Prom4,0.0222,-0.4691
Prom4,-1.0834,-0.5694
Prom4,-0.4799,-1.0292
Prom4,-0.8451,-0.6868
Prom4,-0.5007,-0.8326
Prom4,-0.6539,-0.4743
Prom4,-0.3542,-0.8551
Prom4,-0.6044,-0.4265
Prom4,-0.6603,-0.4566
Prom4,-0.3621,-0.4825
Prom4,-0.5721,-0.9783
Prom4,-0.1741,0.0103
Prom4,-0.519,-0.6610
Prom4,-0.3181,-0.8211
Prom4,-0.4783,-0.3305
Prom4,-0.3666,-0.8011
Prom4,-1.2227,1.4147
Prom4,-0.67,-0.6847
Prom4,2.4416,-0.6058
Prom4,-0.8573,-0.8772
Prom4,-0.6243,-0.3599
Prom4,-0.7708,-0.6841
Prom4,-0.7911,1.5329
Prom4,-0.4857,-0.5820
Prom4,-0.3583,-0.6667
Prom4,0.2274,-0.4328
Prom4,-0.6407,-0.6498
Prom4,0.3354,0.3403
Prom4,-0.5675,-0.6093
Prom4,-0.4591,-0.3541
Prom4,-0.6365,-0.5253
Prom4,-0.6341,-0.6735
Prom4,-0.2819,-0.0817
Prom4,-0.6912,-0.5423
Prom4,0.6333,0.6761
Prom4,0.5739,1.8444
Prom4,-0.6159,-0.8683
Prom4,-0.5956,-0.5335
Prom4,-0.4587,-0.3307
Prom4,-0.6962,-0.4869
Prom4,-0.6183,-0.6848
Prom4,-0.6298,-0.6747
Prom4,-0.5617,-0.8375
Prom4,-0.5157,-0.8485
Prom4,1.6856,-0.4332
Prom4,-0.7921,-0.8744
Prom4,-0.1451,-0.9323
Prom4,-0.6041,-0.7785
Prom4,-0.4026,-0.4192
Prom4,-0.8073,-0.9536
Prom4,-0.501,-0.4299
Prom4,0.3447,0.4554
Prom4,-0.8868,-0.7230
Prom4,-0.7793,-0.4300
Prom4,-0.7937,-0.9111
Prom4,0.0957,-0.0783
Prom4,-0.4379,-0.3651
Prom4,-0.6626,-0.4366
Prom4,-0.9643,-0.6511
Prom4,-0.5208,-0.4952
Prom4,-0.4098,-0.8813
Prom4,-0.9144,-0.6860
Prom4,-0.9156,-0.4056
Prom4,-0.8427,-0.9062
Prom4,-0.9858,-0.6328
Prom4,0.0988,0.5533
Prom4,-0.445,0.0183
Prom4,-0.9118,-0.9065
Prom4,-0.483,-0.7000
Prom4,-0.1806,0.3597
Prom4,-0.8489,-0.5077
Prom4,-0.8535,-0.9129
Prom4,-0.5758,-0.9716
Prom4,-0.003,0.0625
Prom4,-0.4267,-0.8065
Prom4,-0.673,-0.6764
Prom4,-0.788,-0.5405
Prom4,-0.885,-0.8470
Prom4,0.7895,-0.6048
Prom4,-0.6931,-0.6493
Prom4,-0.7732,-0.8892
Prom4,0.0599,-0.0186
Prom4,-0.8327,-0.7490
Prom4,-0.2581,0.8727
Prom4,-0.525,-0.3914
Prom4,-0.739,-0.5551
Prom4,-0.7221,-0.6545
Prom4,-0.7075,-0.7704
Prom4,-0.4867,-0.8496
Prom4,-0.1328,-0.4850
Prom4,-0.4932,-0.6098
Prom4,-0.1071,-0.4333
Prom4,-0.5411,-0.8439
Prom4,-0.622,-0.3783
Prom4,-1.0029,-0.7940
Prom4,0.4193,-0.6011
Prom4,-0.2337,-0.8538
Prom4,-0.8368,-0.6477
Prom4,-0.478,-0.5627
Prom4,-0.5241,-1.0213
Prom4,-0.9305,-0.4712
Prom4,-0.4718,-0.8271
Prom4,-0.6477,0.7707
Prom4,1.4351,-0.6707
Prom4,-0.9904,-0.8476
Prom4,2.3858,-0.0755
Prom4,-0.8291,-0.6091
Prom4,-0.5505,-0.5585
Prom4,-0.9021,-0.9714
Prom4,-0.9258,-0.5000
Prom4,-0.7929,-0.3561
Prom4,-0.7321,-0.3166
Prom4,-0.2555,-0.3354
Prom4,-0.9375,-0.9170
Prom4,-0.1886,-0.9303
Prom4,-0.716,-0.3750
Prom4,-1.1548,-0.2462
Prom4,1.5008,1.4749
Prom4,-0.5054,-0.7517
Prom4,-0.4374,-0.3879
Prom4,-0.9367,-0.9104
Prom4,-0.6133,-0.6170
Prom4,-0.7389,-0.9386
Prom4,-0.7644,-0.9043
Prom4,-0.6762,-0.6172
Prom4,-0.9221,-0.8133
Prom4,-0.3846,-0.9786
Prom4,-0.7537,-0.0194
Prom4,-0.4734,0.4189
Prom4,2.0632,-0.1155
Prom4,-0.5975,-0.9456
Prom4,-0.8742,-0.8692
Prom4,0.0247,-0.5682
Prom4,0.2427,-0.9608
Prom4,-0.2182,-0.7707
Prom4,2.252,0.3268
Prom4,-0.5753,-0.8182
Prom4,-0.7131,0.0865
Prom4,-0.6209,0.5636
Prom4,0.9261,1.5028
Prom4,-0.7206,-0.6696
Prom4,-0.5125,-0.6015
Prom4,-0.8854,-0.5153
Prom4,1.2741,0.5148
Prom4,-0.9055,-0.8705
Prom4,-0.7226,-0.8485
Prom4,-0.8895,-0.8890
Prom4,1.9102,-0.3434
Prom4,-0.1109,-0.3822
Prom4,0.54,0.5742
Prom4,-0.467,-0.7088
Prom4,-0.9281,-0.6604
Prom4,-0.2568,-0.6675
Prom4,-0.6511,-0.5345
Prom4,1.6467,1.6872
Prom4,-1.0336,-0.6237
Prom4,-0.9447,-0.8265
Prom4,-0.4206,0.1466
Prom4,-0.4054,0.1218
Prom5,-0.511,-0.0359
Prom5,-0.5362,-0.6444
Prom5,0.0001,-0.6590
Prom5,-0.7294,1.4606
Prom5,-0.732,-0.7507
Prom5,-0.7252,-0.7596
Prom5,-0.3874,-0.8576
Prom5,-0.8349,-0.3569
Prom5,-0.8005,-0.4862
Prom5,-0.3823,-0.8448
Prom5,-0.8811,-1.0570
Prom5,-0.7462,-0.7021
Prom5,-0.4538,-0.9009
Prom5,-0.4671,-0.7952
Prom5,-0.4958,-0.5230
Prom5,-0.4003,-0.4644
Prom5,-0.3667,-0.5187
Prom5,-0.4661,-0.3226
Prom5,-0.5348,-0.2987
Prom5,-0.5903,-0.8016
Prom5,-0.2403,-0.8179
Prom5,-0.819,-0.4318
Prom5,-0.437,-0.7661
Prom5,-0.8941,-0.4343
Prom5,-0.2442,-0.7094
Prom5,-1.0834,-0.8683
Prom5,-0.4471,-0.8001
Prom5,-0.5193,-0.9232
Prom5,-0.4987,-0.8326
Prom5,-0.6776,-0.4743
Prom5,-0.291,-0.8551
Prom5,-0.4149,-0.3691
Prom5,-0.6532,-0.4626
Prom5,-0.3381,-0.7719
Prom5,-0.608,0.2544
Prom5,-0.7828,-0.6405
Prom5,-0.5213,-0.6828
Prom5,-0.3299,-0.6108
Prom5,-0.6679,-0.4112
Prom5,0.0922,-0.4907
Prom5,-0.2537,0.8633
Prom5,-0.7237,-0.8667
Prom5,1.1269,-1.1146
Prom5,-0.9516,-0.7860
Prom5,-0.6243,-0.3468
Prom5,-0.925,-0.5045
Prom5,-0.7911,0.5401
Prom5,-0.6041,-0.6932
Prom5,-0.3824,-0.6259
Prom5,-0.0199,-0.4842
Prom5,-0.6122,-0.7265
Prom5,0.2189,0.1313
Prom5,-0.6587,-0.5846
Prom5,-0.5916,-0.4076
Prom5,-0.5925,-0.5514
Prom5,-0.6272,-0.6735
Prom5,-0.4452,-0.3723
Prom5,-0.6401,0.5423
Prom5,0.494,0.2490
Prom5,-0.6313,0.9641
Prom5,-0.6159,-0.9185
Prom5,-0.6614,-0.5231
Prom5,-0.4587,-0.4328
Prom5,-0.6775,-0.4869
Prom5,-0.5966,-0.6848
Prom5,-0.6762,-0.1191
Prom5,-0.6141,-0.6148
Prom5,-0.5858,-1.0351
Prom5,0.1239,-0.4332
Prom5,-0.7921,-0.8744
Prom5,0.2038,-0.8803
Prom5,-0.5556,-0.7149
Prom5,-0.5177,-0.4192
Prom5,-0.7462,-0.8205
Prom5,-0.501,-0.4299
Prom5,0.1939,0.4554
Prom5,-0.7882,-0.7230
Prom5,-0.8158,-0.4148
Prom5,-0.5589,-1.1967
Prom5,0.0957,0.4698
Prom5,-0.3477,-0.6390
Prom5,-0.5448,-0.5331
Prom5,-0.9643,-0.4911
Prom5,-0.596,-0.9316
Prom5,-0.4098,-0.8813
Prom5,-0.985,-0.6062
Prom5,-0.8757,-0.4056
Prom5,-0.9043,-0.9823
Prom5,-0.9858,-0.6328
Prom5,-0.2112,-0.1320
Prom5,-0.5207,0.5299
Prom5,-0.8939,-0.8840
Prom5,-0.4481,-0.6848
Prom5,-0.5395,0.1549
Prom5,-0.4747,-0.4272
Prom5,-0.8736,-0.7967
Prom5,-0.4996,-0.8940
Prom5,-0.1287,-0.4048
Prom5,1.1318,-0.8065
Prom5,-0.7217,-0.8684
Prom5,-0.788,-0.3931
Prom5,-0.9123,-0.8470
Prom5,1.7107,-0.6048
Prom5,-0.7185,-0.6567
Prom5,-0.801,-0.8506
Prom5,-0.4436,-0.4509
Prom5,-0.995,-0.5102
Prom5,0.9464,1.2800
Prom5,-0.4562,-0.6545
Prom5,-0.8027,-0.7710
Prom5,-0.656,-0.6863
Prom5,-0.9148,-0.8968
Prom5,-0.5148,-0.8496
Prom5,-0.2466,-0.6542
Prom5,-0.3746,-0.6503
Prom5,-0.1071,-0.4333
Prom5,-0.5411,-0.5670
Prom5,-0.622,-0.3815
Prom5,-0.9088,-0.7940
Prom5,-1.0483,-0.6011
Prom5,-0.3039,-0.8538
Prom5,-0.8368,-0.6477
Prom5,-0.478,-0.6478
Prom5,-0.4874,-1.0213
Prom5,-0.7002,-0.5124
Prom5,-0.4718,-0.8271
Prom5,-0.6477,-0.7007
Prom5,1.0045,0.6497
Prom5,-0.9241,-0.8476
Prom5,1.9239,0.3209
Prom5,-0.841,-0.6057
Prom5,-0.7637,-0.2889
Prom5,-0.9021,-0.9714
Prom5,-0.7926,-0.5137
Prom5,-0.6272,-0.4365
Prom5,0.1465,-0.7916
Prom5,-0.5791,-0.4366
Prom5,-0.876,-0.6432
Prom5,-0.2729,-0.7965
Prom5,-0.6493,-0.3995
Prom5,-0.2886,-0.9847
Prom5,-0.3002,0.8016
Prom5,-0.524,-0.7517
Prom5,-0.5476,-0.3879
Prom5,-0.9367,-0.9104
Prom5,-0.602,-0.6170
Prom5,-0.7021,-0.8578
Prom5,-0.8347,-0.9043
Prom5,-1.1577,-1.0493
Prom5,-0.9062,-0.8133
Prom5,-0.3846,-1.1513
Prom5,-0.6937,-0.6293
Prom5,-0.4734,1.6754
Prom5,1.3644,2.3109
Prom5,-0.5739,-0.8291
Prom5,-0.8117,-0.8481
Prom5,-0.2607,-0.0494
Prom5,0.575,-0.8468
Prom5,-0.2182,-0.7707
Prom5,-0.1425,-0.2451
Prom5,-0.5436,-0.8596
Prom5,-0.7131,-0.5189
Prom5,-0.6209,-0.3832
Prom5,-0.5119,-0.1792
Prom5,-0.7206,1.2479
Prom5,-0.3469,-0.0523
Prom5,-0.3044,-0.7125
Prom5,-0.5096,-0.8365
Prom5,-0.9055,-0.9235
Prom5,-0.5059,-0.4525
Prom5,-0.8895,2.8449
Prom5,1.2186,1.2593
Prom5,-0.2566,-0.5164
Prom5,-0.1688,-0.0957
Prom5,-0.4836,-0.8533
Prom5,-0.9281,-0.6604
Prom5,-0.4141,-0.8865
Prom5,-0.6724,-0.5240
Prom5,1.8198,-0.3603
Prom5,-0.8512,-0.6237
Prom5,-0.9447,-0.9232
Prom5,-0.5583,-0.4873
Prom5,-0.6583,0.0898
Prom6,-0.7549,-0.2245
Prom6,-0.5282,-0.7077
Prom6,0.9537,-0.3314
Prom6,-1.3283,-0.1826
Prom6,-0.732,-0.7507
Prom6,-1.0013,-0.7434
Prom6,-0.388,-0.8576
Prom6,-0.5342,-0.3829
Prom6,-0.8005,-0.4957
Prom6,-0.5392,-0.7029
Prom6,-0.8811,-1.2011
Prom6,-0.7204,-0.7021
Prom6,-0.6504,-1.0513
Prom6,-0.4839,-0.7952
Prom6,-0.5014,-0.5230
Prom6,-0.3811,-0.4706
Prom6,-0.4415,-0.7351
Prom6,-0.4661,-0.3226
Prom6,-0.5237,-0.2917
Prom6,-0.6033,-0.6550
Prom6,-0.2512,-0.8179
Prom6,-0.819,0.5227
Prom6,-0.4684,-0.9706
Prom6,-0.8941,-0.3800
Prom6,-0.3441,-0.5892
Prom6,0.5813,-0.8683
Prom6,-0.4252,-0.8001
Prom6,-0.3331,-0.6868
Prom6,-0.5037,-0.7713
Prom6,-0.6657,-0.5017
Prom6,-0.3331,-0.8551
Prom6,0.0585,-0.1107
Prom6,-0.6444,-0.4566
Prom6,-0.3621,-1.0614
Prom6,-0.608,-0.1565
Prom6,0.0289,-0.6405
Prom6,-0.519,-0.7045
Prom6,-0.3537,-0.5057
Prom6,-0.7153,-0.2498
Prom6,0.7041,0.0680
Prom6,-0.7382,0.2429
Prom6,-0.6835,-0.8667
Prom6,-0.8452,-0.0969
Prom6,-0.9988,-0.8772
Prom6,-0.6473,-0.3468
Prom6,-0.7194,-0.6841
Prom6,-0.7911,-0.5768
Prom6,-0.5449,-0.3598
Prom6,-0.3543,-0.7075
Prom6,-0.4371,-0.4585
Prom6,-0.6264,-0.6882
Prom6,-0.2467,0.0478
Prom6,-0.6848,-0.6093
Prom6,-0.5707,-0.4254
Prom6,-0.5749,-0.5384
Prom6,-0.6134,-0.6084
Prom6,-0.2819,-0.4014
Prom6,-0.4612,0.5423
Prom6,0.1873,-0.1911
Prom6,-0.2296,0.5240
Prom6,-0.5878,-0.8683
Prom6,-0.5956,-0.5127
Prom6,-0.4587,-0.5145
Prom6,-0.6915,-0.4869
Prom6,-0.5966,-0.6848
Prom6,-0.6762,-0.9525
Prom6,-0.5617,-0.4813
Prom6,-0.5577,-0.9418
Prom6,-0.9172,1.2209
Prom6,-0.7921,-0.8744
Prom6,-0.6336,-0.8282
Prom6,-0.4585,-0.5877
Prom6,-0.5583,-0.3998
Prom6,-0.6546,-0.8871
Prom6,-0.5678,-0.8224
Prom6,-0.2836,-0.2803
Prom6,-0.8868,-0.7230
Prom6,-0.761,-0.4224
Prom6,-0.7937,-0.9111
Prom6,2.1053,1.0179
Prom6,-0.6632,-0.6390
Prom6,-0.5919,-0.5331
Prom6,-0.8496,-0.7310
Prom6,-0.4958,-0.8589
Prom6,-0.4045,-0.8813
Prom6,-0.9144,-0.6860
Prom6,-0.8757,-0.3953
Prom6,-0.781,-0.9823
Prom6,-0.9312,-0.6173
Prom6,-0.4855,-0.3956
Prom6,-0.5207,-0.6212
Prom6,-0.8939,-0.8840
Prom6,-0.4365,-0.6695
Prom6,-0.7103,-0.4593
Prom6,-0.3045,-0.4674
Prom6,-0.8535,-0.8355
Prom6,-0.4487,-0.8940
Prom6,-0.5477,-0.9439
Prom6,-0.037,-0.8065
Prom6,-0.7704,-0.9323
Prom6,-1.2125,-0.4914
Prom6,-0.9123,-0.8470
Prom6,1.2501,-0.6048
Prom6,-0.7249,-0.6592
Prom6,-0.801,-0.8119
Prom6,-0.5066,-0.6773
Prom6,-0.8327,-0.6125
Prom6,0.9464,1.6873
Prom6,-0.525,-0.7860
Prom6,-0.6752,-0.7710
Prom6,-0.656,-0.5911
Prom6,-0.9148,-0.7704
Prom6,-0.5953,-0.8496
Prom6,-0.3036,-0.4850
Prom6,-0.3746,-0.6503
Prom6,0.4553,1.1491
Prom6,-0.5411,-0.6362
Prom6,-0.6306,-0.3750
Prom6,-0.6267,-0.7642
Prom6,0.4193,-0.2689
Prom6,-0.409,-0.6352
Prom6,-0.8305,-0.6477
Prom6,-0.478,-0.6478
Prom6,-0.5118,-0.8199
Prom6,-0.8537,-0.5124
Prom6,-0.4711,-0.8162
Prom6,0.1524,-0.7007
Prom6,0.6816,0.6497
Prom6,-0.8579,-0.6119
Prom6,0.3077,-0.0755
Prom6,-0.8173,-0.6057
Prom6,-0.4652,0.4301
Prom6,-0.9021,-0.4048
Prom6,-0.9258,-0.5274
Prom6,-0.5903,-0.4365
Prom6,-0.2928,-0.7916
Prom6,-0.5329,-0.3860
Prom6,-0.8453,-0.3998
Prom6,-0.2682,-0.5958
Prom6,-0.6271,-0.3995
Prom6,-0.8661,-0.9847
Prom6,-0.3002,0.8016
Prom6,-0.5986,-0.9251
Prom6,-0.4374,-0.3879
Prom6,-0.7229,-0.9104
Prom6,-0.6095,-0.5858
Prom6,-0.8492,-0.9386
Prom6,-0.8171,-0.9628
Prom6,-0.917,-0.6172
Prom6,-0.9062,-0.8064
Prom6,-0.3633,-0.4605
Prom6,-0.6136,-1.0360
Prom6,-0.4734,-0.8377
Prom6,-0.0333,1.5021
Prom6,-0.5739,-0.9456
Prom6,-0.8221,-0.8798
Prom6,-0.4164,-0.5682
Prom6,-0.2226,-0.7328
Prom6,-0.2182,-0.7707
Prom6,-1.3398,-0.2451
Prom6,-0.5674,-0.8596
Prom6,-1.167,0.0865
Prom6,-0.6209,0.0902
Prom6,0.3098,-0.2958
Prom6,1.0598,1.2479
Prom6,-0.4297,-0.6015
Prom6,-0.3044,-0.9097
Prom6,-0.5096,-0.8365
Prom6,-0.9055,-0.8175
Prom6,-0.1342,-0.0566
Prom6,-0.8895,1.9114
Prom6,-0.1647,1.2593
Prom6,-0.5962,-0.5835
Prom6,1.9576,-0.7656
Prom6,-0.5664,-0.7088
Prom6,-0.9281,-0.6957
Prom6,-0.4365,-0.6675
Prom6,-0.6644,-0.4924
Prom6,1.5602,0.2925
Prom6,-0.76,-0.6237
Prom6,-0.8291,-0.9716
Prom6,-0.4206,-0.9400
Prom6,-0.6583,-0.0061
Prom7,-0.7549,0.0294
Prom7,-0.5122,-0.7077
Prom7,-0.6357,-0.5771
Prom7,-1.1574,-0.7303
Prom7,-0.732,-0.7076
Prom7,-0.8632,-0.6949
Prom7,-0.388,-0.8372
Prom7,-0.9351,-0.3309
Prom7,-0.8005,-0.4909
Prom7,-0.5078,-0.5609
Prom7,-1.0279,-1.2011
Prom7,-0.7721,-0.7021
Prom7,-0.3913,-1.0137
Prom7,-0.4368,-0.7952
Prom7,-0.4848,-0.5230
Prom7,-0.4387,-0.5199
Prom7,-0.3916,-0.5908
Prom7,-0.4462,-0.2285
Prom7,-0.5205,-0.2917
Prom7,-0.519,-0.5963
Prom7,-0.3057,-0.7278
Prom7,-0.2815,0.9999
Prom7,-0.4214,-0.8343
Prom7,-0.8941,-0.4614
Prom7,-0.6439,-0.4691
Prom7,0.5813,-0.8683
Prom7,-0.4033,-1.0292
Prom7,-0.3486,0.2589
Prom7,-0.4947,-0.7917
Prom7,-0.6184,-0.5154
Prom7,-0.3542,-0.4647
Prom7,0.9113,-0.2255
Prom7,-0.6497,-0.4626
Prom7,-0.3381,-0.4825
Prom7,-0.608,-0.7729
Prom7,0.5364,0.2273
Prom7,-0.519,-0.7263
Prom7,-0.3062,-0.8211
Prom7,-0.6679,-0.1691
Prom7,1.52,0.6267
Prom7,0.7153,-0.6532
Prom7,-0.764,-0.7757
Prom7,-0.1878,-0.0969
Prom7,-0.9516,-0.7860
Prom7,-0.6473,-0.3338
Prom7,-0.7194,-0.8637
Prom7,-0.8919,-0.4278
Prom7,-0.5054,-0.4709
Prom7,-0.2981,-0.7483
Prom7,-0.4526,-0.5357
Prom7,-0.6691,-0.6882
Prom7,-0.7125,-0.4955
Prom7,-0.6978,-0.5476
Prom7,-0.5497,-0.4611
Prom7,-0.6365,-0.5514
Prom7,-0.6203,-0.6409
Prom7,-0.1595,-0.4014
Prom7,-0.5634,-0.5423
Prom7,-0.6493,-0.6311
Prom7,-0.5866,0.0838
Prom7,-0.5352,-0.9185
Prom7,-0.4639,-0.5127
Prom7,-0.5371,-0.3919
Prom7,-0.6541,-0.4869
Prom7,-0.6074,-0.6848
Prom7,-0.5833,-0.9525
Prom7,-0.5356,-0.3032
Prom7,-0.4317,-1.0351
Prom7,0.1239,0.3938
Prom7,-0.7921,-0.3497
Prom7,-0.0521,-0.5678
Prom7,-0.6041,-0.7785
Prom7,-0.4635,-0.3804
Prom7,-0.7767,-0.7540
Prom7,-0.6346,-0.8224
Prom7,-0.4721,-0.0350
Prom7,-0.8868,-0.7230
Prom7,-0.7244,-0.4528
Prom7,-0.7937,-0.6255
Prom7,1.1005,0.4698
Prom7,-0.3477,-0.6390
Prom7,-0.4976,-0.5331
Prom7,-0.6774,0.5483
Prom7,-0.3956,-0.5680
Prom7,-0.4018,-0.8813
Prom7,-0.985,-0.7259
Prom7,-0.9156,-0.3987
Prom7,-0.966,-0.9823
Prom7,-0.9312,-0.6173
Prom7,-0.4617,-0.5116
Prom7,-0.4828,-1.0049
Prom7,-0.858,-0.9065
Prom7,-0.386,-0.7153
Prom7,-0.6932,-0.5048
Prom7,-0.3726,-0.4674
Prom7,-0.8335,-0.8742
Prom7,-0.1947,-0.8164
Prom7,-0.9667,-1.0338
Prom7,-0.8163,-0.8065
Prom7,-0.7217,-0.9323
Prom7,-0.788,-0.3439
Prom7,-0.9123,-0.8470
Prom7,1.2501,-0.6048
Prom7,-0.7058,-0.6641
Prom7,-0.7871,-0.8119
Prom7,-0.6954,-0.7596
Prom7,-0.8733,-0.5102
Prom7,-1.4626,-0.3491
Prom7,-0.4562,-0.7202
Prom7,-0.6433,-0.1234
Prom7,-0.7221,-0.6228
Prom7,-0.8457,-0.5176
Prom7,-0.5832,-0.7778
Prom7,0.5502,-0.5189
Prom7,-0.3777,-0.6772
Prom7,2.1424,-0.0377
Prom7,-0.4831,-0.7055
Prom7,-0.6177,-0.3832
Prom7,-0.9088,-0.5852
Prom7,-0.3145,-0.2689
Prom7,-0.5317,-0.8538
Prom7,-0.8305,-0.6477
Prom7,-0.5179,-0.5627
Prom7,-0.4508,-0.7192
Prom7,-1.0073,-0.5124
Prom7,-0.4711,-0.8271
Prom7,0.9526,-0.7007
Prom7,0.8969,-1.1108
Prom7,-0.7254,-0.7297
Prom7,-0.1538,-0.8685
Prom7,-0.841,-0.6057
Prom7,0.26,2.3174
Prom7,-0.9021,-0.9714
Prom7,-0.8592,-0.5274
Prom7,-0.3509,-0.4365
Prom7,-0.0732,-0.7916
Prom7,-0.3941,-0.4703
Prom7,-0.6611,-0.4302
Prom7,-0.3759,-0.7296
Prom7,-0.6938,-0.3995
Prom7,-0.5773,-0.9847
Prom7,-1.2006,0.1283
Prom7,-0.6359,-0.7517
Prom7,-0.4006,-0.5094
Prom7,-0.9367,-0.9104
Prom7,-0.5644,-0.6326
Prom7,-0.9228,-0.8578
Prom7,-0.8874,-0.9628
Prom7,-0.4355,0.2469
Prom7,-0.8746,-0.8133
Prom7,-0.3739,-0.9786
Prom7,-0.5335,-0.8326
Prom7,-0.4734,-0.8377
Prom7,-0.7321,-0.9244
Prom7,-0.5739,-0.9456
Prom7,-0.8117,-0.8692
Prom7,-0.4942,-0.3088
Prom7,0.3313,-0.1628
Prom7,-0.2182,-0.7707
Prom7,-0.7412,0.3268
Prom7,-0.5753,-0.8182
Prom7,-0.2593,-1.1243
Prom7,-1.0706,-0.3832
Prom7,-0.1353,-0.4957
Prom7,-0.7206,-0.6696
Prom7,-0.1815,-1.1507
Prom7,0.2767,-1.1315
Prom7,-0.5096,3.2174
Prom7,-0.9055,-0.9235
Prom7,0.0516,0.1414
Prom7,0.1482,-0.8890
Prom7,0.527,-0.3434
Prom7,-0.4507,-0.6238
Prom7,-0.1688,-0.7656
Prom7,-0.5001,-0.9978
Prom7,-0.9281,-0.6957
Prom7,-0.3916,-0.6675
Prom7,-0.6644,-0.4819
Prom7,1.0844,0.5892
Prom7,-0.8512,-0.6237
Prom7,-0.7906,-0.9716
Prom7,-0.4206,-0.7589
Prom7,-0.4054,0.4733
Prom8,-0.6573,-0.2027
Prom8,-0.4482,-0.7077
Prom8,-0.3178,-0.6590
Prom8,-0.6439,-0.7303
Prom8,-0.732,-0.7937
Prom8,-0.7252,-0.7111
Prom8,-0.388,-0.8270
Prom8,-0.7347,-0.2918
Prom8,-0.7823,-0.4814
Prom8,-0.6333,-0.5609
Prom8,-0.8811,-0.9129
Prom8,-0.7721,-0.7543
Prom8,-0.427,-1.1265
Prom8,-0.3896,-0.7299
Prom8,-0.518,-0.6318
Prom8,-0.4579,-0.5199
Prom8,-0.4415,-0.6630
Prom8,-0.3865,-0.3226
Prom8,-0.511,-0.2636
Prom8,-0.3894,-0.4203
Prom8,-0.2904,-0.7278
Prom8,1.3308,-0.9090
Prom8,-0.3901,-0.9706
Prom8,-0.9951,-0.4614
Prom8,-0.8104,-0.5892
Prom8,0.0264,-0.8683
Prom8,-0.3595,-0.8001
Prom8,-0.3719,-1.1596
Prom8,-0.5007,-0.8326
Prom8,-0.5355,-0.4743
Prom8,-0.3753,-0.4647
Prom8,0.4375,-0.0246
Prom8,-0.6248,-0.4566
Prom8,-0.2662,-0.4825
Prom8,-0.5362,-0.9783
Prom8,0.8408,-0.2066
Prom8,-0.5121,-0.7263
Prom8,-0.2943,-0.7160
Prom8,-0.6679,-0.1960
Prom8,1.469,1.1233
Prom8,1.1998,-0.7221
Prom8,-0.7371,-0.7757
Prom8,-0.1878,-1.1146
Prom8,-0.9045,-0.8772
Prom8,-0.6473,-0.3730
Prom8,-0.8736,-0.8637
Prom8,-0.7911,-0.3037
Prom8,-0.4364,-0.6932
Prom8,-0.3182,-0.7075
Prom8,-0.6225,-0.5100
Prom8,-0.6834,-0.7265
Prom8,-1.0617,-0.6627
Prom8,-0.6978,-0.5723
Prom8,-0.6264,-0.4611
Prom8,-0.6452,-0.5645
Prom8,-0.5997,-0.6572
Prom8,-0.2411,-0.4304
Prom8,-0.589,-0.5423
Prom8,-0.956,-0.8382
Prom8,-1.1222,-0.7965
Prom8,-0.444,-0.7678
Prom8,-0.5956,-0.5024
Prom8,-0.511,-0.4328
Prom8,-0.5467,-0.4232
Prom8,-0.6183,-0.6848
Prom8,-0.6298,-1.2303
Prom8,-0.5356,-0.1696
Prom8,-0.4597,-1.1284
Prom8,2.2061,0.3938
Prom8,-0.7921,-0.8744
Prom8,0.0643,-0.7761
Prom8,-0.5556,-0.0788
Prom8,-0.4094,-0.3609
Prom8,-0.4713,-0.8205
Prom8,-0.5678,0.3551
Prom8,-0.6103,-1.2612
Prom8,-0.8868,-0.7230
Prom8,-0.6605,-0.4528
Prom8,-0.7937,-0.3400
Prom8,0.0957,-1.1745
Prom8,-0.3026,-0.9129
Prom8,-0.5212,-0.4366
Prom8,-0.7922,3.1068
Prom8,-0.3329,-0.8589
Prom8,-0.4151,-0.8417
Prom8,-0.7732,-0.6860
Prom8,-0.9355,-0.3919
Prom8,-0.966,-0.9823
Prom8,-0.8766,-0.6328
Prom8,-0.4974,-0.5221
Prom8,-0.445,-0.7491
Prom8,-0.8401,-0.9065
Prom8,-0.3434,-0.6390
Prom8,-0.6932,-0.3456
Prom8,-0.1345,-0.5077
Prom8,-0.8535,-0.9129
Prom8,-0.1947,-0.7388
Prom8,-1.0924,-1.1056
Prom8,-0.8163,-0.2016
Prom8,-0.7947,-0.8684
Prom8,-1.0003,-0.4914
Prom8,-0.8714,-0.8311
Prom8,1.7107,-0.6048
Prom8,-0.7185,-0.6641
Prom8,-0.801,-0.8892
Prom8,-0.8633,-0.8420
Prom8,-0.8327,-0.4760
Prom8,-0.2581,0.0582
Prom8,-0.5422,-0.5887
Prom8,-0.6433,-0.7710
Prom8,-0.7663,-0.5276
Prom8,-0.8457,-0.8968
Prom8,-0.5591,-0.8496
Prom8,0.0237,-0.6204
Prom8,-0.4445,-0.7042
Prom8,-0.6695,-0.0377
Prom8,-0.1353,-0.1516
Prom8,-0.6133,-0.3864
Prom8,-0.8148,-0.4659
Prom8,-1.0483,-0.2689
Prom8,-0.6018,-0.5258
Prom8,-0.8368,-0.6477
Prom8,-0.2585,-0.5627
Prom8,-0.3653,-0.8199
Prom8,-0.9305,-0.5948
Prom8,-0.4704,-0.8271
Prom8,0.1524,0.7707
Prom8,1.2198,-0.6707
Prom8,-1.0566,-0.8476
Prom8,1.5778,-0.0755
Prom8,-0.8291,-0.6125
Prom8,-0.1665,2.2724
Prom8,-0.9021,-0.9714
Prom8,-0.8592,-0.5000
Prom8,-0.3325,-0.5973
Prom8,-0.0732,-0.7916
Prom8,-0.5329,-0.3860
Prom8,-0.6611,-0.7649
Prom8,-0.3852,-0.8634
Prom8,-0.716,-0.3750
Prom8,-0.2886,-0.9847
Prom8,-0.3002,0.1283
Prom8,-0.6545,-0.5782
Prom8,-0.2904,-0.5094
Prom8,-0.9367,-0.7173
Prom8,-0.5042,-0.6638
Prom8,-0.8492,-0.6155
Prom8,-0.8698,-0.9628
Prom8,-0.6762,-0.1852
Prom8,-0.9062,-0.8202
Prom8,-0.3527,-1.1513
Prom8,-0.4536,-1.0360
Prom8,2.0119,-0.8377
Prom8,-1.431,-0.9244
Prom8,-0.4638,-0.8874
Prom8,-0.8273,-0.8798
Prom8,-0.4942,-0.0494
Prom8,0.4421,-0.6188
Prom8,-0.2182,0.7007
Prom8,-0.7412,0.3268
Prom8,-0.5674,-0.7768
Prom8,-0.2593,-0.5189
Prom8,-1.0706,-0.8567
Prom8,-0.5461,-0.6122
Prom8,-0.7206,-0.6696
Prom8,-0.5125,-1.1507
Prom8,-0.8854,-1.3287
Prom8,-0.5096,-0.8365
Prom8,-0.9055,-0.9235
Prom8,0.1135,-0.2545
Prom8,0.1482,-0.8890
Prom8,1.9102,-0.3434
Prom8,0.0347,-0.5835
Prom8,-0.8776,-0.0957
Prom8,-0.467,-1.1423
Prom8,-0.9281,-0.6957
Prom8,-0.504,-0.6675
Prom8,-0.6591,-0.4924
Prom8,0.9114,-0.3603
Prom8,-0.76,-0.6237
Prom8,-0.8676,-0.9716
Prom8,-0.5583,-0.8495
Prom8,-0.8267,0.4414
Prom9,-0.7549,-0.5363
Prom9,-0.4082,-0.7077
Prom9,-0.9536,-0.4133
Prom9,-0.9862,-0.7303
Prom9,-0.6921,-0.7076
Prom9,-0.8829,-0.7434
Prom9,-0.3877,-0.8576
Prom9,-0.7347,-0.1487
Prom9,-0.7914,-0.4814
Prom9,-0.6019,-0.8448
Prom9,-0.8811,-0.6246
Prom9,-0.7462,-0.7021
Prom9,-0.6146,-0.9761
Prom9,-0.3324,-0.7299
Prom9,-0.4903,-0.9580
Prom9,-0.4291,-0.5014
Prom9,-0.4166,-0.7351
Prom9,-0.3468,-0.1344
Prom9,-0.4983,-0.2706
Prom9,-0.3959,-0.2151
Prom9,-0.3144,-0.7728
Prom9,1.8683,0.0455
Prom9,-0.4214,-0.9706
Prom9,-0.5912,-0.4614
Prom9,-0.2109,-0.2288
Prom9,0.0264,-0.8683
Prom9,-0.2392,-0.7237
Prom9,-0.43,-1.1596
Prom9,-0.5037,-0.8531
Prom9,-0.5355,-0.4743
Prom9,-0.3331,-0.0744
Prom9,1.4794,-0.3404
Prom9,-0.5964,-0.4566
Prom9,-0.2901,-0.7719
Prom9,-0.5003,-1.1838
Prom9,0.8408,-0.6405
Prom9,-0.4661,-0.6828
Prom9,-0.223,-0.9262
Prom9,-0.6679,-0.3305
Prom9,2.1831,2.7374
Prom9,-0.2537,-0.7221
Prom9,-0.7774,-0.8667
Prom9,0.4695,-1.1146
Prom9,-0.9045,-0.7860
Prom9,-0.6589,-0.3730
Prom9,-0.8736,-0.7739
Prom9,-0.6904,-0.5519
Prom9,-0.4167,-0.6932
Prom9,-0.2941,-0.7075
Prom9,-0.6071,-0.4585
Prom9,-0.6691,-0.6882
Prom9,-0.7125,-0.7462
Prom9,-0.7239,-0.5723
Prom9,-0.6125,-0.4433
Prom9,-0.654,-0.5488
Prom9,-0.5238,-0.6735
Prom9,-0.4452,-0.3432
Prom9,-0.4356,-0.5423
Prom9,-1.0397,-1.0323
Prom9,-1.2561,0.0838
Prom9,-0.4369,-0.6171
Prom9,-0.4639,-0.4920
Prom9,-0.4848,-0.4736
Prom9,-0.4206,-0.3913
Prom9,-0.6074,-0.6848
Prom9,-0.5369,-0.6747
Prom9,-0.6141,-0.3922
Prom9,-0.5017,-1.1284
Prom9,1.6856,2.0480
Prom9,-0.7921,-0.8744
Prom9,-0.4941,-0.7761
Prom9,-0.6041,0.3666
Prom9,-0.4026,-0.4192
Prom9,-0.0437,-0.7540
Prom9,-0.3006,-0.8224
Prom9,-0.7109,-0.5255
Prom9,-0.8868,-0.7230
Prom9,-0.5965,-0.4528
Prom9,-0.5589,-0.6255
Prom9,0.0957,-1.1745
Prom9,0.3284,-0.6390
Prom9,-0.191,-0.5331
Prom9,-0.5628,1.8275
Prom9,-0.358,-0.6407
Prom9,-0.4151,-0.8813
Prom9,-0.8438,-0.7658
Prom9,-0.9156,-0.3782
Prom9,-0.8427,-0.9823
Prom9,-0.8766,-0.6328
Prom9,-0.557,-0.5221
Prom9,-0.4072,-0.7491
Prom9,-0.9118,-0.8390
Prom9,-0.2929,-0.5169
Prom9,-0.642,-0.2318
Prom9,-0.1345,-0.4272
Prom9,-0.8135,-0.9129
Prom9,-0.017,-0.8940
Prom9,-1.1761,-1.1596
Prom9,-0.8163,0.4032
Prom9,-0.8191,-0.7404
Prom9,-0.3636,-0.3931
Prom9,-0.885,-0.8470
Prom9,-0.5922,-0.6048
Prom9,-0.7249,-0.6567
Prom9,-0.801,-0.9279
Prom9,-1.0731,-0.9037
Prom9,-0.8733,-0.6807
Prom9,-0.2581,0.0582
Prom9,-0.5422,-0.7202
Prom9,-0.6433,-0.7710
Prom9,-0.7442,-0.6228
Prom9,-0.9148,-0.8968
Prom9,-0.539,-0.7778
Prom9,-0.0759,-0.5189
Prom9,-0.4719,-0.6637
Prom9,-1.2319,-0.0377
Prom9,0.0676,1.2329
Prom9,-0.609,-0.3880
Prom9,-0.4387,-0.6449
Prom9,2.6207,0.7277
Prom9,-0.6018,-0.4165
Prom9,-0.8368,-0.6477
Prom9,0.2404,-0.5627
Prom9,-0.2554,-0.4172
Prom9,-0.9689,-0.5536
Prom9,-0.4704,-0.8162
Prom9,2.5529,2.9778
Prom9,2.0807,-1.1108
Prom9,-0.9241,-0.8476
Prom9,-0.2693,-0.4720
Prom9,-0.841,-0.6125
Prom9,-0.5932,0.5200
Prom9,-0.7926,-0.9714
Prom9,-0.9258,-0.5137
Prom9,-0.0562,-0.5169
Prom9,-0.2928,-0.7916
Prom9,-0.3941,-0.5208
Prom9,-0.2926,-0.9474
Prom9,-0.4461,-0.9303
Prom9,-0.716,-0.3750
Prom9,-0.8661,-0.9847
Prom9,1.5008,-0.0401
Prom9,-0.6359,-1.0119
Prom9,-0.0884,-0.0232
Prom9,-0.8298,-0.7173
Prom9,-0.5117,-0.6326
Prom9,-0.7021,-0.7770
Prom9,-0.8698,-0.9628
Prom9,-0.6762,-1.0493
Prom9,-0.9221,-0.8271
Prom9,-0.2781,-0.8059
Prom9,-0.3335,-0.6293
Prom9,-0.4734,-0.8377
Prom9,-0.7321,-0.9244
Prom9,-0.3537,-0.3050
Prom9,-0.8482,-0.8798
Prom9,-0.4942,-0.5682
Prom9,-0.0897,-0.6188
Prom9,-0.2182,-0.7707
Prom9,-0.7412,-0.8170
Prom9,-0.5674,-0.7768
Prom9,0.1946,-1.1243
Prom9,-1.0706,-0.8567
Prom9,-0.8543,-0.7122
Prom9,-0.7206,-0.6696
Prom9,-0.5125,-1.1507
Prom9,0.2767,-1.0576
Prom9,-0.5096,-0.8365
Prom9,-0.835,-0.9235
Prom9,0.2684,-1.0464
Prom9,2.2237,-0.8890
Prom9,-0.1647,-1.1448
Prom9,-0.4022,-0.6372
Prom9,1.2488,1.9139
Prom9,-0.5498,-0.8533
Prom9,-0.8742,-0.5899
Prom9,-0.4815,-0.6675
Prom9,-0.6484,-0.5030
Prom9,-0.3862,-1.4880
Prom9,-1.0336,-0.6237
Prom9,-0.9061,-0.8749
Prom9,-0.5583,-0.9400
Prom9,-0.911,-0.6133
Prom10,-0.5598,-0.7539
Prom10,-0.2401,-0.7077
Prom10,-0.9536,-0.3314
Prom10,-1.4139,-0.7303
Prom10,-0.6122,-0.7507
Prom10,-1.0408,-0.7596
Prom10,-0.3871,-0.8576
Prom10,-0.6344,-0.1747
Prom10,-0.7823,-0.4814
Prom10,-0.5862,-0.8448
Prom10,-0.8811,-0.6246
Prom10,-0.7721,-0.2853
Prom10,-0.7665,-0.9385
Prom10,-0.3021,-0.7299
Prom10,-0.5014,-0.5230
Prom10,-0.4964,-0.5323
Prom10,-0.3916,-0.8073
Prom10,-0.3269,0.0538
Prom10,-0.4698,-0.2741
Prom10,-0.5385,-0.3910
Prom10,-0.3035,-0.7728
Prom10,0.7934,-0.9090
Prom10,-0.3118,-0.9706
Prom10,-0.5912,-0.3528
Prom10,-0.2109,-0.1087
Prom10,0.5813,-0.5694
Prom10,-0.0313,-1.0292
Prom10,-0.5619,-0.6868
Prom10,-0.5007,-0.8326
Prom10,-0.4408,-0.4469
Prom10,-0.312,0.3160
Prom10,3.2793,-0.5126
Prom10,-0.5183,-0.4566
Prom10,-0.3621,-1.0614
Prom10,-0.4645,-0.5674
Prom10,3.8851,-0.6405
Prom10,-0.374,-0.7263
Prom10,-0.1754,-0.9262
Prom10,-0.6679,-0.4381
Prom10,0.3983,-0.3045
Prom10,-1.2227,-0.7221
Prom10,-0.6835,-0.8667
Prom10,1.1269,2.9562
Prom10,-0.8102,-0.8772
Prom10,-0.6589,-0.3599
Prom10,-0.8736,-0.8637
Prom10,-0.8919,-1.0235
Prom10,-0.3378,-0.6932
Prom10,-0.1898,-0.7075
Prom10,-0.6071,-0.5100
Prom10,-0.6834,-0.6115
Prom10,-1.0617,-0.7462
Prom10,-0.7369,-0.6093
Prom10,-0.6125,-0.4254
Prom10,-0.6365,-0.5514
Prom10,-0.4962,-0.6735
Prom10,-0.4861,-0.3723
Prom10,0.0499,-0.5423
Prom10,-1.1512,-1.0841
Prom10,-1.2561,0.0838
Prom10,-0.3808,-0.8181
Prom10,-0.7272,-0.5127
Prom10,-0.5371,-0.4941
Prom10,-0.4299,-0.3913
Prom10,-0.6183,-0.6543
Prom10,-0.1193,0.4366
Prom10,-0.5879,-0.0360
Prom10,-0.5577,-1.0351
Prom10,0.1239,-1.2603
Prom10,-0.198,-0.3497
Prom10,-0.401,-0.6199
Prom10,-0.6041,0.4302
Prom10,-0.2537,-0.4192
Prom10,-0.0437,-0.9536
Prom10,0.1002,0.3551
Prom10,-0.7863,-0.5255
Prom10,-0.7882,-0.7230
Prom10,-0.5143,-0.4300
Prom10,-0.7937,-0.3400
Prom10,0.0957,-1.1745
Prom10,1.0946,-0.3651
Prom10,-0.1674,-0.5331
Prom10,-0.7922,0.0685
Prom10,-0.3204,-0.3498
Prom10,-0.4125,-0.8813
Prom10,-0.9144,-0.7259
Prom10,-0.9156,-0.3919
Prom10,-0.966,-0.7539
Prom10,-0.7673,-0.6328
Prom10,-0.5213,-0.5327
Prom10,-0.4828,-0.8770
Prom10,-0.8939,-0.8615
Prom10,-0.2813,-0.5016
Prom10,-0.7274,-0.5503
Prom10,1.1243,-0.4674
Prom10,-0.7534,-0.7580
Prom10,0.0084,-0.6613
Prom10,-1.2809,-1.1775
Prom10,-0.4267,-0.8065
Prom10,-0.8435,-0.9323
Prom10,-0.5758,-0.1965
Prom10,-0.9123,-0.8470
Prom10,0.329,-0.6048
Prom10,-0.7058,-0.6443
Prom10,-0.801,-0.9279
Prom10,-1.0521,-0.8831
Prom10,-0.427,-0.3396
Prom10,0.3441,0.4655
Prom10,-0.5594,-0.8517
Prom10,-0.6752,-0.7710
Prom10,-0.7663,-0.6228
Prom10,-0.984,-0.7704
Prom10,-0.543,-0.7778
Prom10,-0.0332,-0.6204
Prom10,-0.4597,-0.6772
Prom10,0.4553,0.3579
Prom10,-0.1353,1.5098
Prom10,-0.6047,-0.3880
Prom10,-0.7208,-0.7343
Prom10,1.8869,-0.6011
Prom10,-0.5668,-0.6352
Prom10,-0.8368,-0.6307
Prom10,0.0209,-0.5627
Prom10,-0.3408,-0.4172
Prom10,-0.8921,-0.5124
Prom10,-0.4718,-0.8162
Prom10,0.1524,0.0350
Prom10,1.6501,1.9702
Prom10,-0.8579,-0.9655
Prom10,-0.5002,-0.8685
Prom10,-0.841,-0.5988
Prom10,-0.0812,2.0927
Prom10,-0.9021,-0.6881
Prom10,-0.8592,-0.4863
Prom10,0.0544,-0.3561
Prom10,0.1465,-0.7916
Prom10,-0.4404,-0.4871
Prom10,-0.2311,-0.9170
Prom10,-0.3946,-0.8634
Prom10,-0.6271,-0.3995
Prom10,-0.2886,-0.9847
Prom10,1.5008,3.1583
Prom10,-0.7665,-0.9251
Prom10,0.077,0.8278
Prom10,-0.9367,-0.7173
Prom10,-0.4139,-0.6482
Prom10,-0.8492,-0.7770
Prom10,-0.905,-0.9628
Prom10,-1.1577,-1.0493
Prom10,-0.9221,-0.8202
Prom10,-0.3314,-0.4605
Prom10,-0.2334,-0.6293
Prom10,-0.4734,-0.8377
Prom10,-0.0333,-0.9244
Prom10,-0.4245,-0.3633
Prom10,-0.8899,-0.8587
Prom10,-0.5332,-1.0870
Prom10,-0.0011,-0.2768
Prom10,-0.2182,-0.7707
Prom10,-0.1425,-0.8170
Prom10,-0.5595,-0.8182
Prom10,-0.2593,-1.1243
Prom10,0.2784,-0.8567
Prom10,-0.8543,-0.7455
Prom10,-0.7206,2.5263
Prom10,-0.8438,-1.1507
Prom10,0.2767,-0.6139
Prom10,1.2741,-0.8365
Prom10,-0.9055,-0.9235
Prom10,0.2065,-0.8485
Prom10,1.186,-0.8890
Prom10,1.9102,-1.1448
Prom10,-0.5477,-0.6641
Prom10,1.2488,2.5838
Prom10,-0.6161,-0.8533
Prom10,-0.8204,-0.6252
Prom10,-0.504,-0.8865
Prom10,-0.6138,-0.5240
Prom10,0.76,-1.4583
Prom10,-0.8512,-0.6237
Prom10,-0.8291,-0.9716
Prom10,-0.5583,-0.8495
Prom10,-0.911,-0.5175
TSS,0.9036,-0.3550
TSS,-0.2321,-0.5179
TSS,-1.2714,0.4874
TSS,0.1264,-0.7303
TSS,-0.6921,-0.7507
TSS,-1.0408,-0.7596
TSS,-0.3877,-0.8576
TSS,-0.9351,-0.3959
TSS,-0.8097,-0.4909
TSS,0.5586,-0.8448
TSS,-0.8076,-0.7687
TSS,-0.6688,0.1836
TSS,-0.4226,0.5659
TSS,-0.3711,-0.7625
TSS,-0.5014,-0.9580
TSS,0.1473,-0.5199
TSS,0.1317,-0.3744
TSS,0.1308,-0.3226
TSS,-0.4777,-0.2530
TSS,-0.5903,-0.1564
TSS,-0.2991,-0.8179
TSS,0.2559,2.4317
TSS,-0.1552,-0.9706
TSS,-0.8941,-0.4343
TSS,-0.111,-0.5892
TSS,1.6911,-0.5694
TSS,-0.1407,-1.1055
TSS,-0.6783,-0.4503
TSS,-0.5037,-0.8122
TSS,-0.5,-0.4058
TSS,-0.4174,-0.8551
TSS,0.3428,-0.1681
TSS,-0.5058,-0.4626
TSS,0.1416,-1.0614
TSS,-0.3927,-0.9783
TSS,-0.2756,1.7459
TSS,-0.3394,-0.6828
TSS,-0.2705,-0.8211
TSS,-0.3835,-0.4112
TSS,-0.7237,-0.8632
TSS,-0.2537,0.1740
TSS,0.0818,-0.7757
TSS,1.1269,1.9385
TSS,-0.9516,-0.8772
TSS,-0.6589,-0.3599
TSS,-0.9764,-0.7739
TSS,-0.8919,-1.1973
TSS,-0.0517,-0.5820
TSS,-0.1175,-0.6259
TSS,0.181,0.5970
TSS,-0.6834,-0.6498
TSS,1.2668,2.2208
TSS,-0.072,-0.2511
TSS,-0.501,-0.3363
TSS,-0.654,-0.5671
TSS,-0.4066,-0.6572
TSS,-0.4452,-0.3723
TSS,-0.6912,-0.5423
TSS,-0.7329,-0.8770
TSS,0.4399,0.0838
TSS,-0.465,-0.8181
TSS,0.3919,-0.4194
TSS,0.1939,0.0982
TSS,-0.4766,-0.3913
TSS,-0.5858,-0.6696
TSS,0.7624,1.2700
TSS,-0.3787,0.2311
TSS,-0.3896,-0.1955
TSS,-0.3966,-0.4332
TSS,-0.7921,-0.8744
TSS,-0.7034,-0.9323
TSS,-0.5798,-0.4605
TSS,-0.3485,-0.3804
TSS,0.0785,-0.9536
TSS,0.3674,-0.4299
TSS,-0.07,-0.5255
TSS,-0.7882,-0.3527
TSS,-0.5051,-0.4224
TSS,-0.7937,-0.9111
TSS,-0.9091,-0.0783
TSS,1.2299,-0.9129
TSS,-0.1202,-0.0506
TSS,-1.0217,-0.9709
TSS,-0.2828,0.3048
TSS,-0.4125,-0.8813
TSS,-0.9144,-0.7259
TSS,-0.7361,-0.4022
TSS,-0.8427,-0.7539
TSS,-0.8766,-0.6173
TSS,0.5639,0.6587
TSS,-0.445,-0.6212
TSS,-0.858,-0.8390
TSS,-0.4248,-0.7306
TSS,-0.1977,-0.0953
TSS,0.682,-0.5077
TSS,-0.8335,-0.8355
TSS,-0.0931,-0.5061
TSS,-0.8829,-0.6204
TSS,0.3526,1.6130
TSS,-0.4049,-0.8044
TSS,-0.788,0.2948
TSS,-0.8986,-0.8152
TSS,-1.0527,0.3722
TSS,-0.7122,-0.6517
TSS,-0.801,-0.8892
TSS,-0.0449,0.8047
TSS,-0.5082,-0.5784
TSS,-0.2581,-0.3491
TSS,-0.5594,-0.8517
TSS,-0.739,-0.7710
TSS,-0.5014,-0.6545
TSS,-0.984,-0.7704
TSS,-0.5189,-0.8496
TSS,0.0237,-0.2143
TSS,-0.4871,-0.5829
TSS,2.1424,2.3358
TSS,0.1546,0.4714
TSS,-0.6263,-0.3832
TSS,-1.0969,-0.1974
TSS,0.4193,-0.6011
TSS,0.1344,-0.9631
TSS,-0.8368,-0.5555
TSS,0.0608,-0.4777
TSS,-0.4508,-0.5178
TSS,-0.393,-0.5124
TSS,-0.4711,-0.7620
TSS,-0.6477,0.0350
TSS,-0.6098,1.5300
TSS,-0.9241,-0.9655
TSS,-0.1538,-0.8685
TSS,-0.841,-0.5885
TSS,0.9425,-0.6483
TSS,-0.9021,-0.6881
TSS,-0.8592,-0.5137
TSS,0.0728,-0.4365
TSS,-0.9518,-0.7916
TSS,-0.3016,0.1027
TSS,-0.9068,-0.9778
TSS,-0.521,-0.5289
TSS,-0.6715,-0.3750
TSS,-1.1548,-0.9847
TSS,-0.3002,-0.2084
TSS,-0.5054,-1.0986
TSS,0.077,0.9494
TSS,-0.9367,-0.7173
TSS,-0.316,-0.6014
TSS,-0.9228,-0.8578
TSS,-0.3072,-0.9043
TSS,-1.1577,-0.6172
TSS,-0.9221,-0.8133
TSS,-0.3314,-0.6332
TSS,-0.3935,-0.8326
TSS,-0.4734,-0.8377
TSS,1.3644,-0.1155
TSS,-0.5346,-0.8291
TSS,-0.7648,-0.8587
TSS,-0.0012,-1.0870
TSS,-0.2891,-0.9608
TSS,-0.2182,0.7007
TSS,-0.1425,0.3268
TSS,-0.5674,-0.8182
TSS,-0.7131,-0.5189
TSS,-0.1712,-0.3832
TSS,0.5152,1.1864
TSS,1.95,-0.6696
TSS,-0.6781,-1.1507
TSS,2.6009,0.0023
TSS,-0.5096,0.5148
TSS,-0.835,-0.9235
TSS,0.671,0.1414
TSS,-0.8895,0.9779
TSS,0.527,1.2593
TSS,0.1318,0.0339
TSS,0.54,1.9139
TSS,0.3281,-0.1307
TSS,-0.9281,-0.7310
TSS,-0.1894,-1.1055
TSS,-0.5205,-0.5345
TSS,-0.9052,-0.4494
TSS,-1.0336,-0.6237
TSS,-0.8676,-0.9232
TSS,0.5827,1.2333
TSS,-0.6583,-0.6453
Gene1,-0.4135,-0.9570
Gene1,0.2161,0.3674
Gene1,0.6359,-0.4952
Gene1,-0.2159,0.3651
Gene1,3.4605,1.7905
Gene1,1.0699,0.7935
Gene1,-0.2063,0.7954
Gene1,2.1706,4.1582
Gene1,0.4694,-0.0770
Gene1,-0.2883,1.1421
Gene1,1.2482,1.6816
Gene1,3.2296,3.8308
Gene1,-0.0698,0.6412
Gene1,2.3938,0.8061
Gene1,4.0587,1.3257
Gene1,-0.3715,0.2815
Gene1,-0.0427,0.5634
Gene1,4.2095,4.2878
Gene1,3.5379,4.3498
Gene1,1.2695,0.8407
Gene1,4.3507,0.5796
Gene1,0.7934,1.4772
Gene1,4.1991,0.3246
Gene1,0.3172,4.1799
Gene1,0.4218,0.9725
Gene1,1.1362,1.5231
Gene1,4.2688,1.5674
Gene1,2.5764,0.0225
Gene1,-0.2865,1.1919
Gene1,1.5953,-0.1044
Gene1,-0.291,0.3160
Gene1,-0.6044,3.6211
Gene1,2.9663,3.5397
Gene1,4.1235,1.5439
Gene1,0.3603,0.6653
Gene1,-0.5798,-1.2913
Gene1,3.2693,2.3416
Gene1,4.3289,0.1252
Gene1,-0.0045,-0.1691
Gene1,1.7751,1.9303
Gene1,2.6517,-0.6532
Gene1,-0.1733,0.4073
Gene1,-1.5025,-0.6058
Gene1,1.4993,0.3083
Gene1,0.1584,0.0847
Gene1,0.4111,0.3036
Gene1,0.0143,-0.7753
Gene1,0.5501,0.4180
Gene1,4.3209,3.4558
Gene1,-0.4371,-0.5100
Gene1,3.1464,0.0785
Gene1,2.664,-0.4119
Gene1,-0.1111,3.2442
Gene1,-0.4731,-0.2471
Gene1,0.2604,2.2731
Gene1,3.8942,1.0700
Gene1,-0.4044,-0.4014
Gene1,-0.3079,0.5423
Gene1,0.968,-1.0453
Gene1,-0.7205,0.5240
Gene1,2.0474,0.6387
Gene1,-0.3324,-0.4401
Gene1,-0.4066,-0.3307
Gene1,0.9526,4.0999
Gene1,0.3338,0.0320
Gene1,3.8252,1.8256
Gene1,0.4845,3.0806
Gene1,0.2128,1.4838
Gene1,-0.9172,1.2209
Gene1,0.9901,1.2241
Gene1,-0.3545,0.0050
Gene1,-0.507,-0.2696
Gene1,0.1119,-0.2443
Gene1,3.4386,0.4435
Gene1,2.3713,1.1402
Gene1,-0.8239,0.2102
Gene1,1.4779,-0.2601
Gene1,0.7466,0.2775
Gene1,-0.0893,0.8023
Gene1,1.1005,2.6623
Gene1,1.6355,-0.0913
Gene1,3.748,2.2657
Gene1,1.2156,-0.0914
Gene1,4.1776,3.5048
Gene1,-0.114,1.2936
Gene1,0.9917,0.5112
Gene1,0.9393,-0.1458
Gene1,1.3155,0.8446
Gene1,1.4176,1.8822
Gene1,-0.4855,-0.4800
Gene1,-0.1045,1.0415
Gene1,0.5225,0.2861
Gene1,0.8823,0.1243
Gene1,-0.1977,-0.7096
Gene1,3.8459,0.2567
Gene1,0.8888,0.9074
Gene1,4.2507,0.0369
Gene1,0.4579,1.7877
Gene1,-0.8163,-0.8065
Gene1,0.326,1.4991
Gene1,3.0313,4.0291
Gene1,0.7661,2.3856
Gene1,-0.1316,-0.6048
Gene1,-0.0578,-0.4138
Gene1,0.1467,0.1933
Gene1,1.151,1.8751
Gene1,1.3177,1.6052
Gene1,2.1509,-1.5709
Gene1,-0.0434,0.0031
Gene1,0.6631,0.7402
Gene1,1.6398,-0.3054
Gene1,0.6745,0.3672
Gene1,-0.2895,0.6222
Gene1,-0.0617,1.4438
Gene1,-0.3139,0.6978
Gene1,-0.1071,0.7535
Gene1,3.8938,3.2405
Gene1,1.3217,-0.0284
Gene1,0.8776,3.4118
Gene1,-1.0483,2.3886
Gene1,1.4842,2.8634
Gene1,-0.1085,0.7566
Gene1,4.192,0.8826
Gene1,0.6974,1.0932
Gene1,-0.086,1.0542
Gene1,-0.1692,0.2354
Gene1,-0.6477,-0.7007
Gene1,-0.9328,-0.6707
Gene1,1.1292,-0.0225
Gene1,-0.5002,2.3033
Gene1,0.8635,2.2162
Gene1,-0.849,-0.4237
Gene1,0.9595,0.1619
Gene1,1.7373,-0.2121
Gene1,2.6701,-0.2757
Gene1,-0.7321,1.1082
Gene1,-0.3016,-0.3017
Gene1,2.3796,0.7866
Gene1,-0.4742,-0.2613
Gene1,-0.0053,-0.0806
Gene1,0.8663,-0.2462
Gene1,1.5008,-0.8817
Gene1,-0.095,1.2432
Gene1,2.5568,3.9887
Gene1,1.0946,0.0552
Gene1,2.0016,0.1782
Gene1,0.3274,-0.2923
Gene1,0.7124,0.9071
Gene1,0.2868,1.5430
Gene1,1.6587,2.5043
Gene1,0.5531,1.0937
Gene1,2.0276,0.5906
Gene1,2.0119,1.6754
Gene1,-1.431,-0.1155
Gene1,2.7775,2.0825
Gene1,1.0221,1.1250
Gene1,-0.5332,-0.5682
Gene1,-0.7322,1.2051
Gene1,-0.2182,-0.7707
Gene1,1.0547,0.3268
Gene1,0.0897,2.7010
Gene1,-0.2593,1.2973
Gene1,0.7281,1.9838
Gene1,-0.4093,-0.7122
Gene1,1.0598,1.2479
Gene1,-0.5953,1.5953
Gene1,-0.3044,1.3580
Gene1,1.2741,0.5148
Gene1,1.2777,1.0900
Gene1,4.1086,2.7151
Gene1,-0.8895,0.0445
Gene1,-0.8563,-1.1448
Gene1,-0.3051,-0.6909
Gene1,-0.8776,-0.0957
Gene1,0.6097,1.7478
Gene1,0.8486,2.3393
Gene1,-0.5264,0.4276
Gene1,1.6322,-0.2402
Gene1,-0.5376,0.8860
Gene1,0.8817,1.2931
Gene1,1.2509,0.6723
Gene1,-0.5977,-0.4873
Gene1,1.9545,3.2219
Gene2,-0.316,-1.0730
Gene2,-0.1841,-0.0120
Gene2,-0.3178,-0.7408
Gene2,-0.2159,-0.7303
Gene2,1.3044,2.2212
Gene2,1.4446,0.5994
Gene2,-0.2761,0.1628
Gene2,0.9685,-0.1227
Gene2,0.7435,0.0134
Gene2,-0.3353,0.2906
Gene2,1.6154,0.3844
Gene2,0.8544,0.2357
Gene2,1.3192,0.4531
Gene2,2.2658,0.0871
Gene2,0.7856,0.3470
Gene2,-0.2754,3.4689
Gene2,-0.2172,0.1305
Gene2,0.4889,-0.3226
Gene2,-0.2064,-0.1967
Gene2,-0.1885,0.3128
Gene2,-0.0507,0.0837
Gene2,-0.819,0.9999
Gene2,0.6593,1.2108
Gene2,1.7305,0.1629
Gene2,0.1221,2.1738
Gene2,2.246,2.1210
Gene2,0.1766,1.0328
Gene2,1.5135,0.2589
Gene2,-0.2536,0.4557
Gene2,2.0332,1.6220
Gene2,-0.3963,-0.4647
Gene2,-0.4149,1.8987
Gene2,0.1939,2.1596
Gene2,1.1251,1.2544
Gene2,0.0735,0.4598
Gene2,-0.0726,-1.0744
Gene2,-0.169,0.9273
Gene2,-0.1398,0.3354
Gene2,0.2798,-0.0615
Gene2,0.5003,0.7509
Gene2,-0.7382,-0.9979
Gene2,-0.1195,0.3163
Gene2,-0.8452,-0.0969
Gene2,0.4623,1.1291
Gene2,0.239,-0.0984
Gene2,0.8223,0.1240
Gene2,0.6185,-0.8498
Gene2,-0.2983,-0.1376
Gene2,0.047,0.4354
Gene2,-0.4835,-0.3040
Gene2,0.1281,0.4618
Gene2,0.6265,-0.7044
Gene2,2.8875,0.0823
Gene2,-0.3336,-0.1936
Gene2,0.8936,0.0197
Gene2,0.1103,0.8908
Gene2,-0.4044,-0.4014
Gene2,0.5866,-0.5423
Gene2,3.4776,-0.9288
Gene2,-0.4973,0.5240
Gene2,-0.0439,0.5382
Gene2,-0.3324,-0.4712
Gene2,-0.3021,-0.3919
Gene2,0.322,0.3731
Gene2,0.2689,0.0625
Gene2,0.0199,-0.3969
Gene2,2.0016,0.5428
Gene2,0.0727,0.6442
Gene2,0.1239,0.3938
Gene2,0.3961,-0.3497
Gene2,-0.2381,1.0985
Gene2,-0.4343,-0.4605
Gene2,-0.1386,-0.3026
Gene2,0.5978,1.2419
Gene2,2.8389,0.7477
Gene2,-0.7737,0.4554
Gene2,0.3941,1.7767
Gene2,0.2258,0.4753
Gene2,0.8498,-0.3400
Gene2,0.0957,1.0179
Gene2,3.2131,3.7428
Gene2,0.328,-0.3401
Gene2,0.6419,-0.2513
Gene2,0.4564,0.8139
Gene2,0.0113,1.9263
Gene2,0.427,0.5511
Gene2,0.6401,-0.1219
Gene2,0.8838,0.0834
Gene2,1.0899,2.5342
Gene2,-0.402,-0.4378
Gene2,-0.0289,0.1462
Gene2,0.8453,0.9611
Gene2,-0.2813,-0.1352
Gene2,0.0244,-0.6186
Gene2,-0.2365,4.1189
Gene2,0.5684,0.4426
Gene2,0.0847,0.5800
Gene2,-0.0449,-0.4767
Gene2,-0.8163,-0.8065
Gene2,0.9108,1.8190
Gene2,0.9091,0.0491
Gene2,0.9571,0.5862
Gene2,-0.1316,-0.6048
Gene2,0.19,-0.2279
Gene2,0.0352,0.9279
Gene2,-0.0659,0.0431
Gene2,1.2365,3.5841
Gene2,-0.2581,-1.1637
Gene2,-0.1294,0.3977
Gene2,1.2686,0.0925
Gene2,0.6465,0.6787
Gene2,0.8819,1.7576
Gene2,-0.2855,0.2632
Gene2,-0.5028,0.3271
Gene2,-0.1771,3.6230
Gene2,-0.6695,-0.0377
Gene2,1.2851,0.6791
Gene2,2.1467,-0.1261
Gene2,1.3475,-0.0483
Gene2,-1.0483,2.3886
Gene2,-0.409,0.3488
Gene2,0.8625,0.3910
Gene2,0.1407,0.4575
Gene2,4.1053,1.7981
Gene2,1.4881,3.9401
Gene2,-0.1117,0.6040
Gene2,-0.6477,-0.7007
Gene2,-0.8251,-0.6707
Gene2,0.6654,0.8027
Gene2,-0.7312,1.1139
Gene2,0.4847,3.2907
Gene2,-0.9344,-0.5135
Gene2,0.1928,1.8619
Gene2,0.6057,3.6809
Gene2,1.9517,-0.0345
Gene2,-0.7321,-0.3166
Gene2,-0.4404,-0.3017
Gene2,1.0282,0.7866
Gene2,-0.5631,0.3409
Gene2,-0.0053,-0.2032
Gene2,1.4429,-0.2462
Gene2,-0.3002,-0.8817
Gene2,-0.095,0.8095
Gene2,3.0343,-0.2663
Gene2,0.8807,0.0552
Gene2,-0.0602,0.4277
Gene2,0.879,0.9194
Gene2,0.5015,1.7252
Gene2,0.5275,0.2469
Gene2,0.7879,1.5782
Gene2,4.2292,0.9210
Gene2,1.8875,1.8105
Gene2,2.0119,1.6754
Gene2,-0.7321,1.5021
Gene2,0.9995,0.4520
Gene2,0.3865,1.7264
Gene2,-0.4164,0.2100
Gene2,-0.8209,0.9771
Gene2,-0.2182,-0.7707
Gene2,1.6534,-0.2451
Gene2,0.6677,1.1277
Gene2,-0.2593,0.0865
Gene2,0.7281,-0.8567
Gene2,-0.4435,-0.6789
Gene2,0.1696,-0.6696
Gene2,-0.1815,1.3207
Gene2,0.2767,1.9989
Gene2,3.0579,-0.8365
Gene2,0.2213,1.1960
Gene2,0.0206,0.5374
Gene2,-0.8895,0.0445
Gene2,-0.8563,-1.1448
Gene2,-0.4507,-0.6507
Gene2,-0.8776,-0.0957
Gene2,-0.3842,-0.2752
Gene2,0.6871,2.0923
Gene2,-0.459,1.0846
Gene2,-0.4086,-0.1667
Gene2,-0.4943,0.9750
Gene2,0.8817,0.6542
Gene2,1.0584,1.0107
Gene2,-0.4403,-0.6684
Gene2,0.0161,2.2951
Gene3,-0.6086,-1.0730
Gene3,-0.144,2.2013
Gene3,0.9537,-0.4952
Gene3,-0.6439,-0.1826
Gene3,0.5457,1.7905
Gene3,0.9121,0.9068
Gene3,-0.2363,0.9689
Gene3,-0.1337,-0.1357
Gene3,2.918,2.3208
Gene3,-0.398,1.4260
Gene3,1.5419,0.9609
Gene3,0.8286,0.2357
Gene3,-0.6325,0.9797
Gene3,2.4477,1.9499
Gene3,-0.0021,2.1956
Gene3,-0.2946,1.4097
Gene3,-0.1923,-0.4466
Gene3,-0.0284,0.1479
Gene3,-0.1858,-0.1616
Gene3,0.6604,0.2248
Gene3,-0.1924,0.3993
Gene3,-1.3564,-0.9090
Gene3,0.0954,1.0745
Gene3,0.7211,0.4071
Gene3,-0.4774,3.1349
Gene3,-1.0834,0.9253
Gene3,-0.0203,0.9564
Gene3,1.2031,1.4411
Gene3,-0.2915,2.6234
Gene3,-0.0738,-0.2551
Gene3,-0.3753,-0.4647
Gene3,-0.6044,-0.2830
Gene3,-0.2128,-0.2406
Gene3,-0.0982,0.0965
Gene3,-0.1059,0.2544
Gene3,-0.4783,-0.4236
Gene3,2.1432,0.1658
Gene3,-0.0685,0.5457
Gene3,0.3272,-0.1691
Gene3,-0.3156,0.0059
Gene3,-0.7382,-1.0668
Gene3,-0.039,2.0453
Gene3,0.4695,-0.0969
Gene3,1.1693,0.0347
Gene3,0.5152,0.3331
Gene3,0.2055,1.0218
Gene3,0.82,-0.0307
Gene3,-0.6731,-0.1376
Gene3,-0.258,0.3946
Gene3,-0.4526,0.0306
Gene3,0.0427,0.0785
Gene3,-0.1885,-0.7044
Gene3,-0.085,-0.2264
Gene3,-0.0199,-0.0510
Gene3,1.5091,2.6434
Gene3,0.1379,0.5486
Gene3,-0.3227,-0.3723
Gene3,3.0655,0.0000
Gene3,0.7449,-0.8253
Gene3,-0.7652,-1.2366
Gene3,0.0613,0.5382
Gene3,0.0627,-0.2430
Gene3,-0.3805,-0.4124
Gene3,2.209,-0.0410
Gene3,0.2365,0.4742
Gene3,-0.0729,1.8256
Gene3,3.2834,2.2346
Gene3,0.5631,1.1107
Gene3,0.6445,0.3938
Gene3,0.3961,1.2241
Gene3,0.2503,1.2026
Gene3,-0.3373,-0.2060
Gene3,-0.1657,0.0666
Gene3,0.2313,0.9092
Gene3,1.4695,-0.4299
Gene3,-0.6857,-0.7707
Gene3,2.0692,3.1655
Gene3,3.1954,0.4524
Gene3,0.3802,-0.0544
Gene3,-0.9091,1.0179
Gene3,-0.0772,0.1826
Gene3,-0.2617,-0.3401
Gene3,0.8141,0.3084
Gene3,-0.0573,-0.4225
Gene3,0.0273,0.5423
Gene3,1.2741,0.2717
Gene3,0.68,-0.1834
Gene3,0.7604,0.9968
Gene3,0.9807,2.3479
Gene3,-0.4497,-0.5011
Gene3,-0.2936,-0.1096
Gene3,0.7018,0.8486
Gene3,-0.2348,-0.1810
Gene3,0.0928,-0.3911
Gene3,0.0697,0.2165
Gene3,0.8688,0.8299
Gene3,-0.271,1.0454
Gene3,0.1436,-0.3329
Gene3,-0.8163,-0.8065
Gene3,0.7159,2.1389
Gene3,1.5457,0.0000
Gene3,0.9708,1.1276
Gene3,-0.5922,-0.6048
Gene3,0.5521,0.0001
Gene3,0.063,0.5799
Gene3,0.0389,-0.3685
Gene3,1.1959,0.3087
Gene3,-1.4626,-1.5709
Gene3,0.335,1.1211
Gene3,1.3323,2.0354
Gene3,2.4565,2.4882
Gene3,1.4349,0.3672
Gene3,0.5273,0.9812
Gene3,-0.5312,3.6771
Gene3,-0.2561,-0.0706
Gene3,-0.6695,-0.4333
Gene3,-0.2222,-0.3593
Gene3,-0.0821,-0.0773
Gene3,0.5955,0.6974
Gene3,-1.0483,2.0564
Gene3,-0.4265,0.7861
Gene3,0.2401,0.5584
Gene3,0.3801,0.3725
Gene3,-0.0233,1.6974
Gene3,0.7587,0.2297
Gene3,-0.0729,0.3330
Gene3,-0.6477,-0.7007
Gene3,-0.3946,-0.6707
Gene3,1.5265,1.6279
Gene3,-0.9621,1.1139
Gene3,0.4256,0.2148
Gene3,-1.0624,-0.6933
Gene3,0.85,0.1619
Gene3,0.672,1.6247
Gene3,1.5096,-0.5973
Gene3,-0.0732,0.6332
Gene3,-0.4866,-0.4534
Gene3,1.0589,2.3988
Gene3,-0.5772,-0.1274
Gene3,0.6388,0.0175
Gene3,1.7317,1.9695
Gene3,-1.2006,-0.8817
Gene3,-0.0577,1.5034
Gene3,1.0689,-0.0232
Gene3,0.8807,1.6001
Gene3,-0.0828,0.4589
Gene3,0.4745,0.1923
Gene3,0.0268,0.5565
Gene3,0.5275,0.2469
Gene3,0.9303,0.6866
Gene3,0.2654,1.2664
Gene3,2.2677,3.0304
Gene3,-0.4734,0.4189
Gene3,-1.431,0.6933
Gene3,2.6359,0.1608
Gene3,0.3605,0.3020
Gene3,-0.3905,0.4694
Gene3,-0.0011,1.5470
Gene3,-0.2182,2.1720
Gene3,0.4561,2.6145
Gene3,-0.037,0.9207
Gene3,1.1023,0.0865
Gene3,2.9751,0.0902
Gene3,-0.2038,-0.7621
Gene3,0.1696,-0.6696
Gene3,-0.0159,1.3207
Gene3,-0.3044,1.4813
Gene3,1.2741,-0.8365
Gene3,1.4186,0.6661
Gene3,-0.2891,0.5374
Gene3,0.1482,-0.8890
Gene3,-0.8563,-0.3434
Gene3,-0.6933,-0.7178
Gene3,-0.8776,-0.7656
Gene3,-0.4007,-0.4197
Gene3,0.6332,0.5394
Gene3,-0.3916,1.0846
Gene3,0.0336,0.3798
Gene3,-0.4078,0.7970
Gene3,1.3375,-0.1445
Gene3,1.4051,1.1074
Gene3,-0.519,-0.2156
Gene3,-0.4054,0.1857
Gene4,-0.1208,-0.9425
Gene4,-0.2001,0.1777
Gene4,0.318,-0.5771
Gene4,0.2974,0.9129
Gene4,0.386,0.1969
Gene4,0.9713,0.7288
Gene4,-0.2706,0.6934
Gene4,0.4675,-0.1747
Gene4,0.442,-0.1531
Gene4,-0.2412,1.5679
Gene4,0.514,0.9609
Gene4,0.4414,0.6004
Gene4,-0.5789,0.4155
Gene4,0.1139,2.5055
Gene4,0.1255,0.4557
Gene4,-0.3042,-0.3596
Gene4,-0.0926,-0.5187
Gene4,-0.108,-0.0403
Gene4,-0.3302,-0.1827
Gene4,2.9543,1.9258
Gene4,-0.1902,0.2190
Gene4,-0.819,-1.3863
Gene4,-0.0768,1.0745
Gene4,0.1153,0.2443
Gene4,-0.0777,0.6121
Gene4,0.5813,0.9253
Gene4,-0.1079,0.4218
Gene4,1.4669,1.6775
Gene4,-0.2725,0.0672
Gene4,-0.2514,-0.4332
Gene4,-0.2489,-0.0744
Gene4,-1.0781,-0.5987
Gene4,-0.2749,-0.2406
Gene4,-0.3141,1.2544
Gene4,0.0735,0.8707
Gene4,-0.3768,-1.0744
Gene4,1.321,2.4504
Gene4,-0.0923,0.3354
Gene4,-0.1467,-0.3305
Gene4,-0.6217,-0.3045
Gene4,0.7153,-1.0668
Gene4,-0.1195,0.7713
Gene4,0.4695,-0.0969
Gene4,0.8393,1.1291
Gene4,3.7152,4.2822
Gene4,1.1305,2.9971
Gene4,2.5318,0.8628
Gene4,-0.6534,0.1958
Gene4,-0.1978,-0.1361
Gene4,-0.4526,-0.2268
Gene4,0.9539,0.2702
Gene4,-0.7707,-0.7462
Gene4,-0.0329,0.1070
Gene4,1.3535,-0.2114
Gene4,0.2165,0.1945
Gene4,0.3377,0.1249
Gene4,-0.4044,-0.3142
Gene4,2.4521,2.1693
Gene4,-0.5657,0.0160
Gene4,-0.9884,-1.2366
Gene4,-0.0054,0.8396
Gene4,-0.3324,0.7735
Gene4,-0.4587,-0.4328
Gene4,3.0357,0.7872
Gene4,0.4096,0.1235
Gene4,-0.1657,1.2700
Gene4,1.06,0.8989
Gene4,-0.0814,0.0844
Gene4,0.1239,-1.2603
Gene4,2.7724,0.6995
Gene4,-0.1684,1.2547
Gene4,-0.1675,-0.5241
Gene4,-0.3755,0.1249
Gene4,0.3534,1.9072
Gene4,0.3674,0.7477
Gene4,-0.7109,-0.7707
Gene4,1.281,0.4806
Gene4,0.637,-0.0572
Gene4,1.3187,0.2312
Gene4,2.1053,-1.1745
Gene4,-0.3928,1.2780
Gene4,-0.474,0.0460
Gene4,0.6993,0.2284
Gene4,0.0555,0.2320
Gene4,-0.0847,0.8191
Gene4,0.7092,0.3915
Gene4,1.2983,-0.0911
Gene4,1.0688,1.7580
Gene4,0.9807,-0.1826
Gene4,0.1465,-0.3007
Gene4,1.8251,0.0183
Gene4,0.899,0.9611
Gene4,-0.3356,0.2922
Gene4,-0.0611,-0.3001
Gene4,-0.2365,0.0556
Gene4,0.6285,0.8687
Gene4,0.0338,1.7436
Gene4,1.4425,-0.2251
Gene4,-0.8163,-0.2016
Gene4,0.594,0.6033
Gene4,0.4846,-0.3439
Gene4,0.425,1.3187
Gene4,-1.0527,-0.6048
Gene4,0.5585,0.1191
Gene4,0.5369,0.8119
Gene4,-0.2548,-0.4303
Gene4,0.4656,0.2405
Gene4,-0.2581,-1.1637
Gene4,3.1557,0.4635
Gene4,2.6069,2.6831
Gene4,1.8826,2.1707
Gene4,0.8128,2.2632
Gene4,3.1306,0.4427
Gene4,-0.5881,0.3948
Gene4,-0.1589,0.1990
Gene4,-0.6695,-1.2244
Gene4,-0.3092,-0.0824
Gene4,-0.0907,-0.1521
Gene4,0.2193,0.1307
Gene4,-1.0483,-0.6011
Gene4,-0.409,1.2234
Gene4,0.6385,-0.0600
Gene4,-0.0989,0.3725
Gene4,0.0378,-0.2158
Gene4,0.4899,-0.1826
Gene4,-0.0356,1.9484
Gene4,-0.6477,-0.7007
Gene4,-0.7175,-0.6707
Gene4,0.5992,0.9206
Gene4,-0.7312,2.3033
Gene4,0.3309,0.2766
Gene4,-0.977,-0.7382
Gene4,1.069,0.4452
Gene4,0.6057,0.8434
Gene4,1.4543,-0.1149
Gene4,0.3662,1.5831
Gene4,-0.2093,-0.4871
Gene4,1.9189,0.3607
Gene4,-0.4695,1.1438
Gene4,3.1039,0.0175
Gene4,0.0001,1.2309
Gene4,-0.3002,-0.8817
Gene4,0.0355,0.3758
Gene4,-0.419,-0.3879
Gene4,1.5223,1.6001
Gene4,-0.0828,0.1470
Gene4,0.6951,1.2425
Gene4,0.3256,0.7318
Gene4,0.5275,1.5430
Gene4,0.8195,0.4723
Gene4,-0.1076,-0.1151
Gene4,1.0071,0.3873
Gene4,-0.4734,1.6754
Gene4,-0.7321,-0.9244
Gene4,0.8579,0.3355
Gene4,0.8085,1.3044
Gene4,-0.4424,1.5070
Gene4,-0.422,0.6351
Gene4,-0.2182,2.1720
Gene4,0.4561,-0.2451
Gene4,-0.3061,0.8793
Gene4,-0.7131,-0.5189
Gene4,-0.1712,-0.3832
Gene4,-0.2723,-0.7122
Gene4,-0.7206,-0.6696
Gene4,-0.1815,1.0461
Gene4,-0.8854,1.4320
Gene4,-0.5096,-0.8365
Gene4,1.2073,1.1430
Gene4,-0.2271,1.1313
Gene4,1.186,0.0445
Gene4,-0.8563,-0.3434
Gene4,-0.6933,-0.6372
Gene4,-0.8776,-0.0957
Gene4,-0.2847,-0.5642
Gene4,0.7948,0.3983
Gene4,-0.504,1.3037
Gene4,1.4297,2.3031
Gene4,-0.4727,0.5596
Gene4,1.6111,2.2516
Gene4,0.6346,0.7206
Gene4,-0.6567,-1.1212
Gene4,-0.1525,-0.2618
Gene5,-0.5598,-0.9207
Gene5,-0.088,3.1498
Gene5,-0.3178,-0.6590
Gene5,1.3244,0.9129
Gene5,0.346,0.2830
Gene5,1.0501,0.5185
Gene5,-0.2524,0.3362
Gene5,0.2671,-0.2528
Gene5,0.2958,-0.1389
Gene5,-0.2255,0.2906
Gene5,0.881,0.6726
Gene5,1.1384,0.0794
Gene5,-0.369,0.5283
Gene5,-0.3745,0.1852
Gene5,0.3529,0.5644
Gene5,-0.3427,-0.2856
Gene5,-0.3418,0.2748
Gene5,0.1109,-0.0403
Gene5,-0.07,-0.1335
Gene5,2.1119,3.2748
Gene5,-0.212,0.4895
Gene5,-1.3564,0.0455
Gene5,0.0015,0.9381
Gene5,0.3172,-0.2714
Gene5,-0.1444,0.2517
Gene5,1.1362,0.0285
Gene5,-0.086,0.4982
Gene5,1.5445,2.1503
Gene5,0.3731,0.9670
Gene5,-0.0857,-0.2825
Gene5,-0.2278,0.7064
Gene5,-0.8886,-0.8284
Gene5,1.8971,0.5095
Gene5,-0.2662,2.1229
Gene5,3.8748,2.1035
Gene5,-0.3768,-0.2066
Gene5,-0.1897,0.2963
Gene5,-0.0447,2.9639
Gene5,1.18,0.1268
Gene5,-1.0295,0.3163
Gene5,-0.7382,-0.7221
Gene5,2.1092,0.6803
Gene5,-0.1878,-0.0969
Gene5,0.9808,1.2202
Gene5,0.285,-0.0330
Gene5,1.2333,1.1116
Gene5,0.2157,-1.0235
Gene5,-0.5449,0.7514
Gene5,-0.1135,0.5986
Gene5,-0.3907,0.0306
Gene5,0.2278,0.1552
Gene5,-0.887,-0.7462
Gene5,-0.1894,-0.1647
Gene5,3.3194,4.0862
Gene5,0.2341,-0.0220
Gene5,0.1723,-0.0706
Gene5,-0.037,-0.3432
Gene5,0.0243,0.0000
Gene5,-0.5378,1.5821
Gene5,-0.8545,-1.2366
Gene5,1.0228,1.6935
Gene5,-0.2665,2.4333
Gene5,-0.3282,-0.4124
Gene5,0.3361,-0.0410
Gene5,0.3555,0.4590
Gene5,0.3447,0.1587
Gene5,0.1968,-0.3032
Gene5,-0.0534,0.9241
Gene5,-0.3966,-0.4332
Gene5,-0.198,-0.3497
Gene5,-0.2614,2.1920
Gene5,0.8513,-0.3968
Gene5,-0.4161,4.1869
Gene5,0.1702,0.7762
Gene5,-0.4676,1.1402
Gene5,-0.6103,-1.0160
Gene5,1.0839,1.1286
Gene5,1.7791,4.1572
Gene5,-0.3241,0.8023
Gene5,-0.9091,-0.0783
Gene5,-0.6181,0.4564
Gene5,-0.191,-0.0506
Gene5,0.8141,-0.4911
Gene5,-0.0573,0.2320
Gene5,0.0033,0.8982
Gene5,0.7092,0.5511
Gene5,0.2412,-0.1663
Gene5,0.7604,1.3013
Gene5,0.5436,0.0968
Gene5,0.1346,-0.3324
Gene5,3.6033,1.2973
Gene5,0.899,1.0962
Gene5,0.029,0.5060
Gene5,0.0415,0.2232
Gene5,-0.3045,0.2165
Gene5,0.6685,1.3722
Gene5,0.2117,1.5109
Gene5,1.2121,0.0265
Gene5,-0.8163,-0.8065
Gene5,0.1067,0.6673
Gene5,0.4846,-0.2457
Gene5,1.1345,1.4302
Gene5,-1.0527,0.3722
Gene5,1.5115,1.4650
Gene5,0.5648,0.9666
Gene5,-0.1289,-0.4303
Gene5,0.1005,0.2063
Gene5,-0.2581,0.4655
Gene5,2.5881,3.4226
Gene5,1.8739,0.7402
Gene5,0.1167,-0.0831
Gene5,0.8819,0.1144
Gene5,2.2776,1.0171
Gene5,-0.5739,-0.2820
Gene5,-0.0404,-0.1111
Gene5,-0.6695,-0.4333
Gene5,-0.3382,-0.2901
Gene5,-0.1382,-0.1488
Gene5,0.7835,0.5781
Gene5,-0.3145,-0.6011
Gene5,-0.2863,0.6768
Gene5,1.4165,0.3568
Gene5,-0.1587,0.3725
Gene5,0.0989,0.3884
Gene5,2.6783,-0.1001
Gene5,1.3264,1.8617
Gene5,-0.6477,-0.7007
Gene5,-0.7175,-0.2306
Gene5,0.9967,1.0385
Gene5,-0.8467,-0.4720
Gene5,0.3309,0.0569
Gene5,-0.8917,-0.5585
Gene5,1.3976,1.0119
Gene5,1.005,0.0757
Gene5,-0.2035,0.2872
Gene5,2.562,3.0079
Gene5,-0.3016,-0.4366
Gene5,1.0282,0.4215
Gene5,-0.5678,0.8092
Gene5,2.0157,-0.0070
Gene5,0.8663,0.4924
Gene5,0.6003,-0.5451
Gene5,0.0728,0.6360
Gene5,-0.4374,-0.3879
Gene5,0.453,0.4414
Gene5,2.9987,0.3029
Gene5,1.0629,1.8079
Gene5,1.6266,1.0824
Gene5,1.249,0.6789
Gene5,1.1045,0.4101
Gene5,-0.1609,-0.2878
Gene5,0.9671,-0.0194
Gene5,-0.4734,0.4189
Gene5,0.6656,-0.9244
Gene5,-0.1255,1.3837
Gene5,0.5688,1.1566
Gene5,-0.4164,2.8039
Gene5,-0.4442,-0.3908
Gene5,-0.2182,0.7007
Gene5,-0.1425,-1.3890
Gene5,-0.219,0.3825
Gene5,-0.2593,1.2973
Gene5,1.1778,-0.8567
Gene5,-0.3408,-0.5789
Gene5,0.1696,-0.0304
Gene5,0.067,0.7715
Gene5,-0.8854,1.4073
Gene5,-0.5096,0.5148
Gene5,1.6299,1.4610
Gene5,-0.382,-0.4525
Gene5,1.186,0.0445
Gene5,-0.8563,-0.3434
Gene5,-0.4991,-0.4493
Gene5,0.54,-0.0957
Gene5,-0.1688,-0.2752
Gene5,0.6332,1.9511
Gene5,-0.4815,1.3037
Gene5,2.5886,3.3751
Gene5,-0.5376,0.3519
Gene5,0.6992,0.3347
Gene5,0.7887,0.4305
Gene5,-0.6173,-0.6684
Gene5,0.3533,-0.4855
Gene6,-0.1208,-0.2390
Gene6,-0.1761,-0.1385
Gene6,-0.6357,-0.3314
Gene6,0.8109,-0.1826
Gene6,0.2661,1.1445
Gene6,0.4386,0.1949
Gene6,-0.2385,0.4281
Gene6,0.8683,-0.3959
Gene6,0.5243,-0.0104
Gene6,-0.3039,0.0068
Gene6,0.514,0.5285
Gene6,0.2606,-0.1290
Gene6,0.8815,-0.0358
Gene6,-0.4132,0.1852
Gene6,-0.0631,-0.4143
Gene6,-0.2946,-0.3288
Gene6,-0.2671,0.0584
Gene6,-0.2473,0.0538
Gene6,1.5563,-0.1475
Gene6,0.3817,0.2248
Gene6,-0.3209,1.7968
Gene6,-0.819,0.9999
Gene6,-0.2178,0.8018
Gene6,0.6201,-0.1629
Gene6,-1.2766,0.0114
Gene6,0.0264,-0.8683
Gene6,-0.1188,0.4982
Gene6,0.0781,0.2589
Gene6,0.0842,0.2921
Gene6,-0.3343,-0.3236
Gene6,-0.312,-0.0744
Gene6,-0.9834,-0.8571
Gene6,0.2596,-0.2526
Gene6,-0.2182,0.0965
Gene6,1.2211,0.8707
Gene6,-0.6813,-0.4236
Gene6,-0.2657,-0.0736
Gene6,0.0028,0.1252
Gene6,0.4693,-0.0884
Gene6,-0.6217,-0.6769
Gene6,0.7153,-0.4464
Gene6,0.592,1.8633
Gene6,-0.1878,-0.6058
Gene6,1.4993,1.0379
Gene6,0.1354,-0.0330
Gene6,0.7709,0.3933
Gene6,0.5178,-0.8001
Gene6,-0.7225,0.5291
Gene6,0.0952,0.4762
Gene6,-0.3907,-0.3298
Gene6,0.3417,0.3852
Gene6,-0.9452,-0.6209
Gene6,-0.1633,-0.3994
Gene6,0.6981,0.7515
Gene6,-0.0473,-0.0350
Gene6,0.1792,0.4834
Gene6,-0.3636,-0.3723
Gene6,-0.359,-0.5423
Gene6,-0.2032,2.0869
Gene6,0.3953,-0.3563
Gene6,3.286,0.5884
Gene6,-0.1349,3.0764
Gene6,-0.276,-0.3103
Gene6,-0.2244,0.0546
Gene6,0.3771,1.1300
Gene6,1.18,0.4366
Gene6,-0.1171,-0.6148
Gene6,-0.0113,0.1777
Gene6,-0.9172,-0.4332
Gene6,-0.198,0.1749
Gene6,-0.5871,0.8902
Gene6,2.7432,-0.0151
Gene6,-0.3417,-0.0500
Gene6,1.728,1.9737
Gene6,-0.3674,1.5327
Gene6,-0.3842,-0.0350
Gene6,-0.0987,-0.2601
Gene6,0.2806,0.0036
Gene6,0.8498,1.9446
Gene6,-0.9091,-0.6264
Gene6,-0.4379,0.1826
Gene6,-0.3089,-0.1471
Gene6,1.1583,-0.2513
Gene6,0.1432,0.8139
Gene6,0.5817,1.2541
Gene6,1.1329,0.3116
Gene6,0.8994,-0.0467
Gene6,0.8838,0.5401
Gene6,0.926,-0.1205
Gene6,-0.3543,-0.4167
Gene6,0.9548,0.7857
Gene6,1.419,2.0862
Gene6,4.0281,1.4677
Gene6,-0.1977,-0.9144
Gene6,-0.1685,-0.0651
Gene6,0.6685,0.9461
Gene6,-0.1185,0.8903
Gene6,0.6464,0.1523
Gene6,1.5214,-0.8065
Gene6,-0.3319,0.6673
Gene6,0.4846,0.8844
Gene6,0.9571,0.2040
Gene6,-1.0527,0.3722
Gene6,3.2587,0.9742
Gene6,0.7738,0.6959
Gene6,0.1019,-0.4715
Gene6,0.0599,0.3428
Gene6,-1.4626,-0.3491
Gene6,-0.0262,0.5950
Gene6,-0.038,1.3878
Gene6,0.227,-0.0197
Gene6,0.7437,0.2408
Gene6,-0.2412,0.5145
Gene6,-0.4601,-0.5189
Gene6,0.8925,0.3068
Gene6,-0.6695,-0.4333
Gene6,-0.3092,-0.2901
Gene6,-0.1987,0.0578
Gene6,1.4415,1.3238
Gene6,0.4193,-0.6011
Gene6,-0.5668,0.6768
Gene6,1.4725,0.8318
Gene6,-0.1188,0.0324
Gene6,0.1722,-0.3165
Gene6,0.3364,0.1885
Gene6,0.0888,0.3764
Gene6,0.1524,-0.7007
Gene6,-0.7175,-0.6707
Gene6,1.3942,1.8637
Gene6,-0.6157,-0.8685
Gene6,0.5439,0.0500
Gene6,-0.8917,-0.3338
Gene6,1.1786,1.5785
Gene6,1.1382,-0.0202
Gene6,-0.4062,3.7449
Gene6,2.7817,1.1082
Gene6,-0.3016,-0.4703
Gene6,-0.0775,0.8170
Gene6,-0.4414,0.8092
Gene6,0.3056,0.3119
Gene6,1.7317,0.4924
Gene6,0.6003,-0.3767
Gene6,0.3339,1.6768
Gene6,-0.4741,-0.5094
Gene6,1.2015,1.4070
Gene6,1.7307,0.3809
Gene6,1.0629,1.2425
Gene6,-0.0787,1.0240
Gene6,1.7305,2.4071
Gene6,0.8829,1.2879
Gene6,0.0949,1.2664
Gene6,0.0067,-0.6293
Gene6,-0.4734,-0.8377
Gene6,0.6656,-0.9244
Gene6,-0.2278,0.5685
Gene6,0.8658,1.6842
Gene6,-0.2867,0.7288
Gene6,-0.843,2.1170
Gene6,4.3644,-0.7707
Gene6,1.6534,-1.3890
Gene6,-0.2507,1.3347
Gene6,0.1946,-0.5189
Gene6,0.2784,-0.8567
Gene6,-0.5461,-0.4790
Gene6,-0.7206,-0.6696
Gene6,0.2326,1.0461
Gene6,-0.8854,0.7418
Gene6,-0.5096,0.5148
Gene6,0.2918,0.3482
Gene6,-0.351,-0.2545
Gene6,1.186,0.0445
Gene6,-0.8563,0.4579
Gene6,-0.3537,-0.0332
Gene6,1.9576,-0.0957
Gene6,-0.2185,1.3143
Gene6,1.1716,0.7512
Gene6,-0.4365,0.4276
Gene6,0.7929,0.0015
Gene6,-0.6025,0.5002
Gene6,1.1551,2.8905
Gene6,0.4806,1.3008
Gene6,-0.3813,-0.3967
Gene6,0.1847,-0.5175
Gene7,0.2695,0.4645
Gene7,-0.072,-0.0120
Gene7,0.0001,-0.1677
Gene7,1.7521,-0.7303
Gene7,0.1864,0.7568
Gene7,0.774,0.4699
Gene7,-0.2257,2.0301
Gene7,1.1689,-0.2528
Gene7,0.6705,0.1466
Gene7,-0.2412,-0.4190
Gene7,0.9544,1.1051
Gene7,0.493,0.1836
Gene7,0.5287,0.4907
Gene7,-0.3593,0.1198
Gene7,0.1421,2.0869
Gene7,-0.2754,-0.3596
Gene7,-0.0926,0.3470
Gene7,0.0711,-0.3226
Gene7,0.1204,-0.1440
Gene7,0.5113,0.4008
Gene7,-0.2708,0.7600
Gene7,0.7934,-0.4318
Gene7,-0.2021,0.8018
Gene7,0.7211,-0.1086
Gene7,-0.4107,0.0114
Gene7,-1.0834,-0.5694
Gene7,-0.1626,0.7273
Gene7,-0.3757,0.4954
Gene7,2.8361,1.1919
Gene7,2.0096,2.3619
Gene7,-0.312,-0.4647
Gene7,-0.6991,-0.6274
Gene7,-0.2181,-0.1986
Gene7,-0.2662,-0.1930
Gene7,-0.2494,-0.7729
Gene7,-0.5798,-0.4236
Gene7,-0.2795,-0.2259
Gene7,-0.1398,1.4920
Gene7,-0.0519,-0.0077
Gene7,-0.4686,-0.4286
Gene7,0.2308,-0.5843
Gene7,0.5249,-0.0477
Gene7,-0.8452,-0.0969
Gene7,1.0279,0.6731
Gene7,0.5843,-0.1376
Gene7,1.1819,0.5729
Gene7,1.6254,1.6570
Gene7,-0.1799,-0.2487
Gene7,-0.0052,0.7619
Gene7,-0.4835,-0.4070
Gene7,2.0359,0.5002
Gene7,-1.1781,-0.6209
Gene7,1.31,0.7369
Gene7,0.0498,-0.1579
Gene7,0.1373,-0.3141
Gene7,0.7788,0.5649
Gene7,-0.3636,-0.3432
Gene7,-0.3335,3.2540
Gene7,0.0478,0.7408
Gene7,2.0915,-1.6767
Gene7,-0.1422,0.3373
Gene7,-0.2007,0.8462
Gene7,-0.3805,-0.2286
Gene7,-0.1357,-0.0410
Gene7,0.1067,0.0930
Gene7,0.1592,-0.9525
Gene7,-0.3525,-0.6148
Gene7,-0.0394,0.0844
Gene7,-0.9172,0.3938
Gene7,0.3961,1.2241
Gene7,0.5528,0.9423
Gene7,1.967,0.3029
Gene7,-0.2943,-0.0888
Gene7,-0.2574,0.9092
Gene7,-0.5344,0.7477
Gene7,0.1688,-0.0350
Gene7,0.5912,0.0176
Gene7,0.1436,-0.0648
Gene7,-0.0893,1.3735
Gene7,-0.9091,-0.6264
Gene7,-0.483,0.4564
Gene7,-0.1438,0.7215
Gene7,1.1583,0.4683
Gene7,0.0555,0.5957
Gene7,4.2144,0.2655
Gene7,1.6272,0.1520
Gene7,0.5604,-0.0706
Gene7,0.3906,1.3013
Gene7,0.926,0.1434
Gene7,-0.4378,-0.3745
Gene7,0.0847,-0.3654
Gene7,1.15,1.5012
Gene7,0.8707,1.1166
Gene7,-0.2148,-0.3456
Gene7,0.1717,0.3774
Gene7,2.471,1.5658
Gene7,-0.2456,0.5800
Gene7,-0.2963,0.0265
Gene7,3.0786,-0.2016
Gene7,0.3017,0.4113
Gene7,0.0609,0.4914
Gene7,0.6842,0.6021
Gene7,-1.0527,1.3492
Gene7,0.6982,0.5181
Gene7,0.8992,1.1212
Gene7,-0.4436,-0.5126
Gene7,0.5873,0.2063
Gene7,-1.4626,0.4655
Gene7,0.2146,0.7265
Gene7,-0.0699,0.0925
Gene7,0.0063,-0.0514
Gene7,1.7803,0.7464
Gene7,-0.3096,0.6581
Gene7,-0.5455,-0.1466
Gene7,-0.0404,0.5899
Gene7,-0.1071,-0.0377
Gene7,-0.4251,-0.2901
Gene7,0.0821,0.1392
Gene7,1.8176,0.1605
Gene7,-0.3145,-0.6011
Gene7,-0.0409,0.2395
Gene7,0.5638,0.4559
Gene7,-0.0589,-0.4777
Gene7,-0.1332,0.7912
Gene7,-0.0092,0.1060
Gene7,0.0047,1.7533
Gene7,0.1524,0.0350
Gene7,-0.9328,-0.6707
Gene7,0.5992,0.2133
Gene7,-0.8467,-0.8685
Gene7,0.6741,0.1770
Gene7,0.2173,-0.3787
Gene7,0.0833,0.7286
Gene7,1.9371,0.2265
Gene7,-0.3693,1.5738
Gene7,0.1465,-0.3166
Gene7,-0.1168,-0.3860
Gene7,0.291,0.4520
Gene7,0.5979,0.9431
Gene7,0.4167,4.2612
Gene7,0.2889,1.9695
Gene7,-0.3002,-0.3767
Gene7,2.2736,0.8095
Gene7,-0.419,-0.3879
Gene7,0.8807,1.4070
Gene7,0.4665,3.7801
Gene7,2.7176,1.4848
Gene7,0.2378,0.9656
Gene7,1.4898,1.1110
Gene7,0.8987,0.3202
Gene7,-0.0863,1.9571
Gene7,-0.0534,0.3873
Gene7,2.0119,0.4189
Gene7,-0.0333,0.6933
Gene7,-0.33,0.5685
Gene7,0.746,0.0909
Gene7,-0.4164,0.4694
Gene7,-0.7322,0.7491
Gene7,-0.2182,-0.7707
Gene7,-0.7412,-1.3890
Gene7,1.0636,0.3411
Gene7,1.1023,-1.1243
Gene7,1.1778,1.0370
Gene7,-0.6831,-0.6289
Gene7,-0.7206,-0.0304
Gene7,1.2261,0.4969
Gene7,-0.8854,-0.2195
Gene7,-0.5096,0.5148
Gene7,0.8551,1.0900
Gene7,-0.1961,0.3394
Gene7,-0.8895,0.0445
Gene7,-0.1647,1.2593
Gene7,-0.5477,1.2150
Gene7,0.54,-0.7656
Gene7,-0.235,1.4588
Gene7,1.4408,-0.2722
Gene7,-0.3242,-0.0104
Gene7,1.6481,0.3273
Gene7,-0.7755,0.4112
Gene7,0.5168,-0.1445
Gene7,1.2509,0.9624
Gene7,-0.3813,0.2372
Gene7,0.0161,-0.7412
Gene8,-0.3648,1.7120
Gene8,2.6251,0.3041
Gene8,1.2707,1.3062
Gene8,1.2388,-0.7303
Gene8,0.7054,-0.3200
Gene8,0.6557,0.1626
Gene8,0.0391,1.1934
Gene8,0.3673,-0.1357
Gene8,0.8989,0.0657
Gene8,-0.3196,1.1421
Gene8,0.2937,1.1051
Gene8,0.0541,0.2357
Gene8,1.011,0.2651
Gene8,-0.4149,0.8061
Gene8,0.1532,1.2169
Gene8,-0.237,0.5466
Gene8,-0.0178,-0.0859
Gene8,-0.1876,0.0538
Gene8,1.3754,-0.0033
Gene8,-0.532,-0.0978
Gene8,-0.2403,0.3542
Gene8,-0.819,-0.9090
Gene8,0.0642,1.4835
Gene8,1.3269,0.1900
Gene8,0.0555,-0.3490
Gene8,-0.5285,-0.2705
Gene8,-0.0094,1.4910
Gene8,-0.6744,1.4411
Gene8,2.9248,0.9056
Gene8,2.2463,2.9647
Gene8,0.4465,3.0487
Gene8,-0.5096,-0.1968
Gene8,-0.2376,-0.1506
Gene8,-0.3141,0.3860
Gene8,0.2886,0.6653
Gene8,-0.5798,1.0950
Gene8,-0.2519,-0.0300
Gene8,-0.1635,0.4406
Gene8,0.0429,-0.1960
Gene8,-0.9785,-0.6769
Gene8,-0.2537,-0.2396
Gene8,-0.1195,0.5893
Gene8,-1.5025,-0.0969
Gene8,0.8393,0.0347
Gene8,0.8375,-0.0592
Gene8,2.1069,1.2912
Gene8,1.0214,-0.2293
Gene8,2.1777,3.8627
Gene8,-0.1857,0.7619
Gene8,-0.4217,-0.3813
Gene8,0.1566,3.2984
Gene8,-0.5378,-0.4955
Gene8,-0.2676,-0.0288
Gene8,-0.2639,-0.0510
Gene8,0.2692,-0.4210
Gene8,0.3377,3.5143
Gene8,-0.4044,-0.3723
Gene8,0.101,-0.5423
Gene8,-0.3983,1.7504
Gene8,1.1095,-1.6767
Gene8,0.5105,1.2414
Gene8,0.3261,0.0059
Gene8,0.2201,0.2208
Gene8,-0.2197,-0.2958
Gene8,0.3771,3.3262
Gene8,-0.2122,0.9922
Gene8,-0.0387,-0.2141
Gene8,0.1568,0.5509
Gene8,-0.9172,-0.4332
Gene8,0.9901,2.7980
Gene8,-0.3079,0.7340
Gene8,1.6517,3.4838
Gene8,0.1119,0.2610
Gene8,-0.2269,0.1774
Gene8,-0.6012,-0.8224
Gene8,1.5384,0.7007
Gene8,0.7883,0.1102
Gene8,-0.03,-0.0724
Gene8,0.615,2.5158
Gene8,1.1005,1.0179
Gene8,-0.5731,-0.0913
Gene8,1.0827,3.3273
Gene8,0.6419,0.8681
Gene8,0.1808,0.7411
Gene8,0.0753,0.7400
Gene8,0.3564,0.7506
Gene8,0.6202,-0.0706
Gene8,1.1921,1.1490
Gene8,0.7075,0.1900
Gene8,-0.3662,-0.4378
Gene8,-0.2936,-0.7491
Gene8,0.6121,0.7361
Gene8,-0.1145,3.2385
Gene8,0.144,-0.4138
Gene8,-0.4406,-0.0651
Gene8,0.1879,-0.2932
Gene8,-0.2456,0.1921
Gene8,0.1436,1.6080
Gene8,0.3526,0.4032
Gene8,-0.0638,0.2834
Gene8,0.4846,0.0000
Gene8,1.0663,0.5066
Gene8,-1.0527,1.3492
Gene8,0.3679,2.6596
Gene8,1.5682,1.5078
Gene8,-0.4226,-0.6567
Gene8,1.3583,0.0699
Gene8,1.5486,-0.7564
Gene8,-0.1122,0.3977
Gene8,-0.1654,-0.5551
Gene8,-0.391,-0.2101
Gene8,1.2275,1.3784
Gene8,-0.2654,2.7043
Gene8,-0.4743,-0.3158
Gene8,0.2878,0.8326
Gene8,-0.1071,-0.4333
Gene8,-0.3962,-0.5670
Gene8,0.5529,0.0611
Gene8,0.7835,-0.4361
Gene8,0.4193,-0.6011
Gene8,-0.0935,1.3328
Gene8,1.4601,3.6644
Gene8,-0.1587,-0.3927
Gene8,-0.1088,0.8919
Gene8,0.1444,0.0236
Gene8,0.0766,0.3438
Gene8,-0.6477,0.0350
Gene8,-0.9328,-0.6707
Gene8,0.0694,0.8027
Gene8,-0.7312,0.7174
Gene8,1.917,0.1118
Gene8,0.7292,0.2504
Gene8,1.069,1.0119
Gene8,0.6057,-0.1573
Gene8,-0.5166,0.7696
Gene8,0.1465,0.1583
Gene8,0.5306,0.1533
Gene8,0.2603,2.1555
Gene8,2.9527,1.0100
Gene8,0.2834,0.1156
Gene8,0.8663,-0.9847
Gene8,-1.2006,-0.7134
Gene8,0.3899,0.2891
Gene8,-0.4374,-0.2663
Gene8,1.2015,0.4414
Gene8,-0.1956,0.6148
Gene8,0.7319,0.1923
Gene8,1.0289,0.9656
Gene8,0.2868,-0.6172
Gene8,0.962,0.5069
Gene8,-0.2887,1.2664
Gene8,-0.2935,0.9972
Gene8,-0.4734,0.4189
Gene8,-0.0333,1.5021
Gene8,-0.3222,0.8014
Gene8,0.7356,0.5130
Gene8,0.4269,0.7288
Gene8,-0.5328,1.5470
Gene8,-0.2182,0.7007
Gene8,-0.7412,-0.8170
Gene8,0.6202,0.2997
Gene8,3.3701,1.2973
Gene8,0.2784,1.0370
Gene8,-0.7516,-0.6622
Gene8,0.1696,-0.0304
Gene8,3.3791,1.0461
Gene8,-0.3044,-0.0470
Gene8,-0.5096,0.5148
Gene8,0.8551,0.9841
Gene8,-0.2271,2.1212
Gene8,-0.8895,0.0445
Gene8,-0.1647,1.2593
Gene8,-0.3537,0.9466
Gene8,-0.8776,-0.7656
Gene8,-0.2847,-0.1307
Gene8,1.3331,0.1160
Gene8,0.1701,2.3987
Gene8,0.2734,0.0646
Gene8,-0.9701,-0.3010
Gene8,0.8817,-0.1445
Gene8,0.6346,1.3008
Gene8,0.0319,-0.1251
Gene8,0.7746,-0.7092
Gene9,0.2695,2.9521
Gene9,3.2253,0.6203
Gene9,2.8601,2.5345
Gene9,1.6665,0.3651
Gene9,0.2661,0.1969
Gene9,1.2277,3.2850
Gene9,2.565,1.7240
Gene9,2.0704,1.0354
Gene9,1.2552,3.4436
Gene9,0.6684,2.5614
Gene9,1.1013,0.9609
Gene9,0.2606,0.3920
Gene9,-0.2886,0.3779
Gene9,-0.4435,1.5904
Gene9,0.009,0.3470
Gene9,1.4251,1.4961
Gene9,-0.0178,1.9340
Gene9,-0.2075,-0.1344
Gene9,-0.0144,-0.1335
Gene9,-0.5255,-0.3617
Gene9,-0.1749,0.9854
Gene9,-0.819,-1.3863
Gene9,-0.0768,1.0745
Gene9,1.8315,0.0543
Gene9,1.7873,-0.5892
Gene9,-0.5285,-0.2705
Gene9,-0.0203,1.0328
Gene9,-0.593,-0.2139
Gene9,0.4379,0.5580
Gene9,-0.2988,-0.0359
Gene9,3.7968,0.3160
Gene9,0.1533,0.2338
Gene9,1.2329,-0.0186
Gene9,-0.2422,1.5439
Gene9,-0.0342,1.6925
Gene9,-0.3768,-0.6405
Gene9,0.0222,0.6227
Gene9,-0.1873,1.2817
Gene9,0.3272,0.2075
Gene9,-0.3666,0.5025
Gene9,1.6842,0.6565
Gene9,-0.1195,0.3163
Gene9,-0.1878,0.4119
Gene9,1.075,2.2234
Gene9,0.4462,-0.2422
Gene9,0.7195,0.0342
Gene9,0.115,2.4513
Gene9,0.994,0.3069
Gene9,-0.1657,0.2721
Gene9,0.2119,0.0306
Gene9,0.2848,0.6152
Gene9,-0.1885,-0.6627
Gene9,-0.1894,-0.0165
Gene9,0.0149,-0.2293
Gene9,3.5051,2.0305
Gene9,0.3308,0.0272
Gene9,-0.3636,-0.3723
Gene9,0.5355,0.0000
Gene9,-0.008,0.9350
Gene9,1.6452,0.9641
Gene9,-0.3212,2.1456
Gene9,1.7742,-0.3156
Gene9,2.4132,1.9977
Gene9,-0.131,-0.0728
Gene9,0.3447,0.2760
Gene9,-0.4442,-0.1191
Gene9,-0.2479,0.0975
Gene9,0.437,0.6442
Gene9,-0.9172,-1.2603
Gene9,1.5842,0.1749
Gene9,-0.2847,0.9943
Gene9,0.8998,1.9570
Gene9,2.2442,0.6497
Gene9,0.1396,0.7762
Gene9,-0.4007,0.3551
Gene9,2.5688,3.1529
Gene9,0.9854,0.0176
Gene9,0.0888,-0.2474
Gene9,2.9622,0.5168
Gene9,0.0957,0.4698
Gene9,-0.8886,-0.0913
Gene9,0.8705,0.2390
Gene9,2.1334,-0.0114
Gene9,0.0931,0.2320
Gene9,-0.106,1.3727
Gene9,0.9917,3.3844
Gene9,1.8568,4.0888
Gene9,1.0688,1.3013
Gene9,1.5268,-0.1981
Gene9,0.1465,-0.1742
Gene9,-0.3693,-0.4933
Gene9,0.7915,0.6461
Gene9,-0.1688,-0.0131
Gene9,0.1099,-0.6413
Gene9,-0.0665,0.3774
Gene9,1.4696,1.2172
Gene9,0.0084,0.7351
Gene9,-0.1497,0.0086
Gene9,0.7422,1.6130
Gene9,0.2529,0.3473
Gene9,0.2731,-0.3439
Gene9,1.0117,0.8250
Gene9,-0.5922,2.3262
Gene9,0.4886,2.1515
Gene9,2.1118,1.1599
Gene9,-0.3387,-0.6361
Gene9,1.6423,-0.0666
Gene9,0.3441,0.8727
Gene9,0.0942,0.3977
Gene9,0.3126,-0.5551
Gene9,-0.1261,-0.1466
Gene9,1.2275,1.3784
Gene9,-0.1125,0.8376
Gene9,0.2229,-0.2820
Gene9,0.8105,0.6978
Gene9,-0.6695,-1.2244
Gene9,-0.1063,-0.2209
Gene9,2.9933,4.2721
Gene9,0.7835,-0.0781
Gene9,1.1531,-0.2689
Gene9,0.0292,0.2395
Gene9,0.626,-0.0703
Gene9,-0.4581,3.8582
Gene9,-0.1821,0.4891
Gene9,0.4899,0.2709
Gene9,0.1053,0.3764
Gene9,-0.6477,0.0350
Gene9,-0.6098,1.0899
Gene9,0.9967,1.5100
Gene9,-0.2693,-0.4720
Gene9,1.7039,0.1599
Gene9,2.3502,-0.1541
Gene9,1.8354,0.7286
Gene9,0.9384,-0.2259
Gene9,-0.5719,-0.1149
Gene9,-0.9518,0.1583
Gene9,3.2128,2.4958
Gene9,0.1989,0.0869
Gene9,2.3535,0.5416
Gene9,0.4389,-0.2032
Gene9,0.2889,-0.2462
Gene9,-1.2006,-0.8817
Gene9,-0.0764,1.1564
Gene9,-0.3455,-0.0232
Gene9,0.1322,1.4070
Gene9,-0.2671,0.2406
Gene9,0.4745,1.5656
Gene9,0.2378,1.1409
Gene9,0.7675,0.2469
Gene9,0.7087,1.0045
Gene9,-0.2781,1.0937
Gene9,-0.6937,0.1840
Gene9,-0.4734,0.4189
Gene9,-0.7321,-0.1155
Gene9,-0.094,2.0243
Gene9,0.845,0.5552
Gene9,2.0228,0.9882
Gene9,-0.9095,-0.6188
Gene9,-0.2182,0.7007
Gene9,-1.3398,0.3268
Gene9,3.6604,0.5067
Gene9,1.1023,0.0865
Gene9,-1.0706,2.4572
Gene9,-0.6831,-0.6789
Gene9,-0.7206,1.8871
Gene9,1.6402,0.4969
Gene9,-0.3044,-0.0470
Gene9,-0.5096,-0.8365
Gene9,0.9255,1.3550
Gene9,-0.32,-0.2545
Gene9,-0.8895,0.0445
Gene9,-0.1647,1.2593
Gene9,1.1995,2.0203
Gene9,-0.8776,-0.7656
Gene9,-0.086,0.0138
Gene9,1.387,-0.2722
Gene9,2.4171,0.6466
Gene9,-0.406,-0.2087
Gene9,-1.0134,-1.0725
Gene9,0.608,0.0152
Gene9,1.9058,1.2525
Gene9,2.1762,0.2372
Gene9,2.7132,-0.4535
Gene10,3.684,0.3992
Gene10,-0.1041,0.3041
Gene10,0.9537,2.6982
Gene10,1.0677,-0.7303
Gene10,-0.0133,0.3261
Gene10,1.4052,0.5023
Gene10,3.3682,1.0505
Gene10,0.5677,-0.1227
Gene10,0.5608,-0.2388
Gene10,4.0086,0.0068
Gene10,1.1013,1.3933
Gene10,0.5446,0.5483
Gene10,3.5255,3.0106
Gene10,-0.4452,-0.1743
Gene10,-0.102,0.1295
Gene10,3.9807,-0.2980
Gene10,4.294,3.4489
Gene10,0.0313,-0.4167
Gene10,-0.0874,-0.1299
Gene10,-0.5061,-0.4790
Gene10,-0.0747,2.7887
Gene10,0.2559,-0.9090
Gene10,-0.0925,1.2108
Gene10,1.5286,0.1086
Gene10,3.5523,-0.7094
Gene10,-1.0834,-0.2705
Gene10,0.0563,1.4910
Gene10,-0.6977,0.2589
Gene10,-0.0454,0.7420
Gene10,-0.5118,-0.3647
Gene10,1.8161,2.2679
Gene10,0.5323,0.2338
Gene10,1.2187,-0.0786
Gene10,-0.2182,-0.7719
Gene10,0.2886,1.2816
Gene10,0.1304,1.0950
Gene10,-0.2749,1.2754
Gene10,-0.0328,0.5457
Gene10,3.7862,4.2962
Gene10,-0.7237,-0.4907
Gene10,0.2308,2.3798
Gene10,3.2772,1.8633
Gene10,-0.1878,-0.6058
Gene10,0.5566,1.3114
Gene10,0.1124,-0.1245
Gene10,0.9763,0.3933
Gene10,1.2228,-0.0059
Gene10,3.2234,0.5291
Gene10,-0.1416,0.6803
Gene10,3.9362,4.0726
Gene10,-0.0997,1.6885
Gene10,1.0339,1.7611
Gene10,2.4834,2.3549
Gene10,1.702,0.8050
Gene10,-0.0473,-0.3845
Gene10,0.1241,0.1249
Gene10,-0.3227,-0.2560
Gene10,0.101,-0.5423
Gene10,0.1315,0.3137
Gene10,1.5113,0.0838
Gene10,-0.3492,0.8396
Gene10,3.6176,-0.2949
Gene10,3.353,3.6724
Gene10,0.6023,0.1820
Gene10,3.8718,1.4503
Gene10,-0.4907,0.4366
Gene10,-0.0125,-0.1696
Gene10,4.0938,2.6034
Gene10,-1.4377,-1.2603
Gene10,0.9901,-0.8744
Gene10,4.1121,-0.2033
Gene10,-0.3858,-0.5877
Gene10,3.5507,-0.2249
Gene10,-0.3185,0.1109
Gene10,-0.501,1.9252
Gene10,2.4934,1.6816
Gene10,0.7883,0.7583
Gene10,0.4725,-0.0877
Gene10,1.3187,-0.0544
Gene10,-0.9091,-0.0783
Gene10,-0.6181,-0.0913
Gene10,0.6582,-0.4366
Gene10,0.2978,-0.7310
Gene10,-0.2452,-0.2043
Gene10,-0.0927,0.5423
Gene10,1.5566,1.0299
Gene10,1.7969,1.1905
Gene10,1.6236,0.2356
Gene10,0.926,0.2055
Gene10,4.0935,3.9798
Gene10,-0.3693,3.3437
Gene10,1.9569,0.4661
Gene10,-0.1378,0.8876
Gene10,4.0911,3.7040
Gene10,0.1377,-0.2261
Gene10,0.8487,1.6045
Gene10,-0.1693,1.8988
Gene10,2.909,2.0033
Gene10,-0.037,1.6130
Gene10,3.6641,0.7313
Gene10,0.0609,-0.1965
Gene10,1.9123,0.1244
Gene10,-0.5922,2.3262
Gene10,0.2281,-0.0618
Gene10,2.0281,1.7785
Gene10,3.6268,2.9043
Gene10,1.3583,0.1381
Gene10,-0.2581,1.2800
Gene10,-0.2842,0.0689
Gene10,0.1214,-0.3392
Gene10,1.2645,2.1072
Gene10,-0.0165,0.1144
Gene10,1.1872,1.0530
Gene10,4.1644,0.9362
Gene10,3.9922,0.3338
Gene10,0.4553,-1.6200
Gene10,0.6763,0.4022
Gene10,0.2419,0.2108
Gene10,0.9716,0.9659
Gene10,-0.3145,-0.2689
Gene10,3.8682,0.0208
Gene10,2.0203,0.1313
Gene10,-0.1587,0.3725
Gene10,0.3798,1.8988
Gene10,1.7184,0.2709
Gene10,3.9662,1.1678
Gene10,-0.6477,-0.7007
Gene10,-0.7175,0.2096
Gene10,1.659,0.5670
Gene10,-0.2693,-0.8685
Gene10,1.9051,0.1187
Gene10,2.1795,-0.5585
Gene10,0.9595,1.5785
Gene10,0.3393,-0.2121
Gene10,-0.6088,-0.2757
Gene10,-0.2928,-0.3166
Gene10,2.6115,3.3384
Gene10,0.291,0.2999
Gene10,1.4219,2.9503
Gene10,0.3723,0.0175
Gene10,0.8663,0.4924
Gene10,-1.2006,-0.7134
Gene10,3.3181,1.1564
Gene10,-0.4557,0.0984
Gene10,1.5223,0.8276
Gene10,-0.4289,0.4277
Gene10,0.6583,0.6770
Gene10,3.0682,0.9071
Gene10,1.7305,0.2469
Gene10,1.2945,0.1958
Gene10,-0.2141,0.4029
Gene10,-0.7737,-0.8326
Gene10,-0.4734,-0.8377
Gene10,-0.0333,-0.9244
Gene10,-0.2671,0.5102
Gene10,2.7569,1.0195
Gene10,3.6056,0.2100
Gene10,3.8321,0.2931
Gene10,-0.2182,0.7007
Gene10,0.4561,1.4707
Gene10,0.9448,0.4239
Gene10,0.1946,2.5080
Gene10,-0.1712,0.0902
Gene10,3.6309,2.3522
Gene10,1.95,-0.0304
Gene10,0.481,0.2223
Gene10,0.8577,-0.4413
Gene10,-0.5096,0.5148
Gene10,1.0664,0.6131
Gene10,-0.32,-0.2545
Gene10,0.1482,0.9779
Gene10,-0.8563,-0.3434
Gene10,3.869,3.0270
Gene10,-0.8776,-0.7656
Gene10,4.0719,2.4703
Gene10,1.064,-0.1311
Gene10,3.3384,0.2086
Gene10,-0.4806,-0.2192
Gene10,-1.208,-1.9627
Gene10,1.3375,-0.1445
Gene10,0.2109,1.2525
Gene10,3.2778,1.5049
Gene10,1.7019,-0.2937
